"Family","Fish","Sex","SL","BD","Spine_1","Spine_1_w_0","Spine_2"
"3","3-1","M",NA,NA,NA,NA,NA
"3","3-2","M",NA,NA,NA,NA,NA
"3","3-3","F",38.48,8.94,3.26667,3.26667,4.26667
"3","3-4","F",36.9,9.3,2.86667,2.86667,0.73333
"3","3-5","M",32.36,8.16,NA,NA,NA
"3","3-6","F",33.04,8.04,NA,NA,NA
"3","3-7","F",32.6,7.8,2.26667,2.26667,2.86667
"3","3-8","F",33.42,7.72,NA,NA,NA
"3","3-9","F",34.64,8.62,NA,NA,NA
"3","3-10","M",37.42,9.1,1.86667,1.86667,2.93333
"3","3-11","M",34.92,9.02,2,2,2.93333
"3","3-12","F",34.7,8.86,3,3,3.8
"3","3-13","F",32.42,7.54,NA,NA,NA
"3","3-14","F",42.48,10.94,3.93333,3.93333,4.4
"3","3-15","F",35.38,7.32,NA,NA,NA
"3","3-16","M",32.1,8,NA,NA,NA
"3","3-17","M",29.64,7.28,NA,NA,NA
"3","3-18","M",38.7,9.34,NA,NA,NA
"3","3-19","F",36.22,9.02,2.66667,2.66667,3.4
"3","3-20","F",39.5,8.94,NA,NA,NA
"3","3-21","F",38.48,8.78,NA,NA,NA
"3","3-22","F",36.54,9.52,NA,NA,NA
"3","3-23","F",36.8,8.46,NA,NA,NA
"3","3-24","F",32.38,7.3,NA,NA,NA
"3","3-25","F",43.16,10.1,NA,NA,NA
"3","3-26","M",38.4,9.9,NA,NA,NA
"3","3-27","F",35.8,8.36,3.06667,3.06667,3.86667
"3","3-28","F",39.66,9.36,2.66667,2.66667,3.6
"3","3-29","F",37.3,8.46,NA,NA,NA
"3","3-30","F",36.8,8.56,NA,NA,NA
"3","3-31","F",37.54,8.5,NA,NA,NA
"3","3-32","M",32.9,7.86,NA,NA,NA
"3","3-33","M",32.78,8.24,NA,NA,NA
"3","3-34","F",37.78,9.3,NA,NA,NA
"3","3-35","F",41.72,9.28,NA,0,4.93333
"3","3-36","M",39.5,10.5,3.46667,3.46667,4.33333
"3","3-37","F",36.28,8.24,2.73333,2.73333,3.46667
"3","3-38","M",31.74,8.26,NA,NA,NA
"3","3-39","F",37.82,8.6,NA,NA,NA
"3","3-40","F",34.52,8.28,NA,NA,NA
"3","3-41","M",38.5,9.94,NA,NA,NA
"3","3-42","M",35.96,8.66,NA,NA,NA
"3","3-43","F",34.22,8.3,2.46667,2.46667,3.06667
"3","3-44",NA,39.32,9.44,NA,NA,NA
"3","3-45","F",35.06,8.62,2.66667,2.66667,3.26667
"3","3-46","F",45.46,11.4,NA,0,4.73333
"3","3-47","M",34,8.3,2.26667,2.26667,2.93333
"3","3-48","M",35.78,8.8,2.93333,2.93333,3.46667
"3","3-49","F",33.94,8.74,NA,NA,NA
"3","3-50","M",41.78,11.46,NA,NA,NA
"3","3-51","F",40.6,10.58,2.6,2.6,3.6
"3","3-52","M",36.12,9.58,3.13333,3.13333,4
"3","3-53","F",43.38,10.88,NA,NA,NA
"3","3-54","M",41.54,11.08,NA,NA,NA
"3","3-55","F",33.6,8,2,2,2.86667
"3","3-56","M",36.46,8.78,NA,NA,NA
"3","3-57","F",39.32,9.46,NA,NA,NA
"3","3-58","F",32.88,8.16,NA,NA,NA
"3","3-59","M",37.46,9.143,NA,NA,NA
"3","3-60","F",35.9,8.9,2.86667,2.86667,3.53333
"3","3-61","F",33.66,8.72,NA,NA,NA
"3","3-62","F",36.86,9.02,NA,NA,NA
"3","3-63","F",31.94,8.02,NA,NA,NA
"3","3-64",NA,38.46,9.36,2.8,2.8,3.26667
"3","3-65","F",40.46,10.38,NA,NA,NA
"3","3-66","M",37.58,9.28,NA,NA,NA
"3","3-67","F",42.52,10.3,NA,NA,NA
"3","3-68","F",34.22,8.8,NA,NA,NA
"3","3-69","F",40.1,10.06,NA,NA,NA
"3","3-70",NA,41.42,10.48,NA,NA,NA
"3","3-71",NA,41.14,10.12,NA,NA,NA
"3","3-72",NA,30.4,7.76,NA,NA,NA
"3","3-73",NA,38.42,8.14,1.26667,1.26667,3.6
"3","3-74",NA,41.82,10.54,NA,NA,NA
"3","3-75",NA,39.04,10.52,NA,NA,NA
"3","3-76",NA,37.54,9.22,2.53333,2.53333,2.86667
"3","3-77","M",44.26,11.72,NA,NA,NA
"3","3-78","F",38.74,10.04,2.6,2.6,3.53333
"3","3-79","M",36.58,8.74,NA,NA,NA
"3","3-80","F",33.96,7.64,NA,NA,NA
"3","3-81","M",40.8,10.5,NA,NA,NA
"3","3-82","F",36.82,9.62,NA,NA,NA
"3","3-83","M",39.44,10.56,NA,NA,NA
"3","3-84","M",31.84,7.6,NA,NA,NA
"3","3-85","F",39.44,10.16,NA,NA,NA
"3","3-86","M",42.12,10.58,NA,NA,NA
"3","3-87","F",39.96,9.98,NA,NA,NA
"3","3-88","F",36.84,9.4,NA,NA,NA
"3","3-89","F",37.84,9.48,NA,NA,NA
"3","3-90","F",34.28,8.18,NA,NA,NA
"3","3-91","M",43.1,11,NA,NA,NA
"3","3-92","M",38.72,9.56,NA,NA,NA
"3","3-93","F",41.34,11.4,NA,NA,NA
"3","3-94","M",37.32,8.96,3.33333,3.33333,3.66667
"3","3-95","M",39.12,10.14,2.86667,2.86667,3.53333
"3","3-96","F",31.72,8.4,NA,NA,NA
"3","3-97","M",40.84,11.02,NA,NA,NA
"3","3-98","F",43.76,11.52,NA,NA,NA
"3","3-99","F",40.3,10.4,2.8,2.8,3.73333
"3","3-100","F",31.22,7.18,NA,NA,NA
"3","3-101","M",47.88,12.4,NA,NA,NA
"3","3-102","M",44.12,11.3,NA,NA,NA
"3","3-103","F",39.84,9.9,NA,NA,NA
"3","3-104","F",41.3,9.68,NA,NA,NA
"3","3-105","M",36.3,8.2,2.13333,2.13333,3
"3","3-106","M",40.64,10.42,NA,NA,NA
"3","3-107","F",37.82,9.22,NA,NA,NA
"3","3-108","F",36.8,8.84,NA,NA,NA
"3","3-109","F",39.92,9.4,2.73333,2.73333,3.86667
"3","3-110","F",38.54,8.78,2.8,2.8,3.73333
"3","3-111","M",34.08,8.1,NA,NA,NA
"3","3-112","F",38.2,8.84,2.46667,2.46667,3.13333
"3","3-113","M",40.7,9.44,3.93333,3.93333,NA
"3","3-114","M",34.22,8.66,2.6,2.6,3.06667
"3","3-115","M",39.64,9.86,NA,NA,NA
"3","3-116","F",38.12,9.72,NA,NA,NA
"3","3-117","M",46.06,11.62,NA,NA,NA
"3","3-118","F",40,9.96,NA,NA,NA
"3","3-119","M",39.58,9.98,2.93333,2.93333,3.26667
"3","3-120","F",26.3,5.3,NA,NA,NA
"3","3-121","F",21.88,4.66,NA,NA,NA
"3","3-122","M",34.16,8.68,NA,NA,NA
"3","3-123","M",42.08,11.2,2.86667,2.86667,3.53333
"3","3-124","F",29.34,7.68,NA,NA,NA
"3","3-125","M",32.64,8.62,NA,NA,NA
"3","3-126","M",40.76,9.92,3.33333,3.33333,3.73333
"3","3-127","F",37.3,10.14,NA,NA,NA
"3","3-128","M",38.08,9.9,3,3,3.86667
"3","3-129","M",38.9,9.14,NA,NA,NA
"3","3-130","F",35.22,8.7,NA,NA,NA
"3","3-131","M",42.96,9.4,NA,NA,NA
"3","3-132","F",40,10.64,NA,NA,NA
"3","3-133","F",40.28,10.24,NA,NA,NA
"3","3-134","F",33.86,8.8,NA,NA,NA
"3","3-135","M",37.46,9.62,2.8,2.8,3.33333
"3","3-136","M",40.4,10.82,NA,NA,NA
"3","3-137","F",32.1,7.78,NA,NA,NA
"3","3-138","F",31.34,7.74,NA,NA,NA
"3","3-139","F",29.6,7.36,NA,NA,NA
"3","3-140","F",46.32,11.38,NA,NA,NA
"3","3-141","F",40.04,10.62,NA,NA,NA
"3","3-142","M",37,9.32,2.86667,2.86667,3.6
"3","3-143","M",40.36,11.82,3.2,3.2,4.33333
"3","3-144","M",38.2,10.32,NA,NA,NA
"3","3-145","M",35.74,9.24,2.8,2.8,3.46667
"3","3-146","M",34.4,8.26,NA,NA,NA
"3","3-147","M",39.36,10.02,2.93333,2.93333,3.73333
"3","3-148","M",32.34,8.04,NA,NA,NA
"3","3-149","F",42.58,10.72,3,3,4.2
"3","3-150","F",41,10.26,NA,NA,NA
"3","3-151","M",39.32,11.18,NA,NA,NA
"3","3-152","F",41.04,10.2,3.06667,3.06667,4.06667
"3","3-153","F",39.74,10.02,NA,NA,NA
"3","3-154","F",31.9,8.72,NA,NA,NA
"3","3-155","F",36.82,9.52,NA,NA,NA
"3","3-156","M",39.06,10.38,NA,NA,NA
"3","3-157","M",36.28,9.02,2.93333,2.93333,3.66667
"3","3-158","M",38.52,10.34,NA,NA,NA
"3","3-159","F",39.88,9.3,NA,NA,NA
"3","3-160","F",38.94,9.64,3.53333,3.53333,4.33333
"3","3-161","M",38.88,9.46,NA,NA,NA
"3","3-162","F",41.2,9.74,3.86667,3.86667,4.46667
"3","3-163","M",38.26,9.2,NA,NA,NA
"3","3-164",NA,40.78,10.24,3,3,3.66667
"3","3-165","F",43.88,10.7,3.13333,3.13333,4.13333
"3","3-166","M",35.98,8.96,NA,NA,NA
"3","3-167","F",41.18,9.74,NA,0,3.93333
"3","3-168","F",43.26,10.98,NA,NA,NA
"3","3-169","F",37.46,9.1,NA,NA,NA
"3","3-170","F",38.58,8.94,NA,NA,NA
"3","3-171","M",33.64,8.26,NA,NA,NA
"3","3-172","M",27.5,6.3,NA,NA,NA
"3","3-173","M",39.76,9.56,3.13333,3.13333,3.73333
"3","3-174","M",47.94,12.64,NA,NA,NA
"3","3-175","M",35.24,8.16,NA,NA,NA
"3","3-176","M",31.4,7.86,2.2,2.2,2.93333
"3","3-177","M",39.84,9.6,2.8,2.8,3.26667
"3","3-178","F",36.64,9.74,2.86667,2.86667,3.66667
"3","3-179","F",36.92,9.52,NA,NA,NA
"3","3-180","F",43.24,10,NA,NA,NA
"3","3-181","M",37.08,9.44,NA,NA,NA
"3","3-182","M",42.74,10.36,2.73333,2.73333,3.26667
"3","3-183","F",34.88,8.42,NA,NA,NA
"3","3-184","M",34.1,7.9,NA,NA,NA
"3","3-185","F",40.06,10.4,NA,NA,NA
"3","3-186","F",40.86,10.26,NA,NA,NA
"3","3-187","M",37.3,9.46,3.06667,3.06667,3.86667
"3","3-188","M",38.32,10,2.6,2.6,3.13333
"3","3-189","F",34.86,8.6,NA,NA,NA
"3","3-190","M",33.76,8.8,NA,NA,NA
"3","3-191","F",41.64,9.38,NA,NA,NA
"3","3-192","F",36.66,8.94,2.33333,2.33333,3.06667
"3","3-193","F",36.6,8.22,NA,NA,NA
"3","3-194","M",30.86,7.56,NA,NA,NA
"3","3-195","M",24.98,6.14,NA,NA,NA
"3","3-196","F",36.92,9.02,3.06667,3.06667,3.8
"3","3-197","F",37.78,8.82,NA,NA,NA
"3","3-198","M",47.38,12.04,NA,NA,NA
"3","3-199","F",38.36,9.72,NA,NA,NA
"3","3-200","F",32.98,8.58,2.8,2.8,3.6
"3","3-201","F",37.44,9.4,NA,NA,NA
"3","3-202","F",43.76,10.48,NA,NA,NA
"3","3-203","F",36.76,9.24,NA,NA,NA
"3","3-204","F",39.84,9.22,NA,0,3.8
"3","3-205","F",35.8,8.8,NA,NA,NA
"3","3-206","F",41.62,9.7,NA,NA,NA
"3","3-207","F",42.14,10.2,NA,NA,NA
"3","3-208","M",37.66,9.42,NA,NA,NA
"3","3-209","M",37.32,9.58,NA,NA,NA
"3","3-210","M",41.08,10.84,NA,NA,NA
"3","3-211","F",37.6,9.1,NA,NA,NA
"3","3-212","M",41.04,9.68,3.06667,3.06667,3.66667
"3","3-213","F",39.52,10.06,2.8,2.8,3.93333
"3","3-214","F",39.48,8.94,2.86667,2.86667,3.53333
"3","3-215","M",41.54,9.64,NA,NA,NA
"3","3-216","M",38.76,10.3,NA,0,4.33333
"3","3-217","F",33.62,8.08,NA,NA,NA
"3","3-218","M",46.78,10.28,NA,NA,NA
"3","3-219","F",34.74,8.58,NA,NA,NA
"3","3-220","M",40.04,10.56,NA,NA,NA
"3","3-221","M",32.46,7.74,NA,NA,NA
"3","3-222","M",30.5,8.04,NA,NA,NA
"3","3-223","M",29.92,7.18,NA,NA,NA
"3","3-224","F",30.54,7.94,NA,NA,NA
"3","3-225","M",28.48,7.46,1.66667,1.66667,2.13333
"3","3-226","M",29.38,7.2,NA,NA,NA
"3","3-227","F",33.44,7.94,NA,NA,NA
"4","4-1","M",33.34,8.54,2,2,2.66667
"4","4-2","M",36.56,8.74,NA,0,2.06667
"4","4-3","M",27.32,7.14,2.53333,2.53333,3
"4","4-4","M",36.54,9.46,NA,0,3.6
"4","4-5","M",38.94,9.6,2.93333,2.93333,3.6
"4","4-10","M",40.04,10.5,2.93333,2.93333,3.4
"4","4-12","M",44.78,11.54,3.4,3.4,4
"4","4-14","M",40.16,10.46,3.2,3.2,3.8
"4","4-23","M",35.72,9.38,2.06667,2.06667,3.46667
"4","4-31","M",38.48,9.6,2.53333,2.53333,3.2
"4","4-38","M",42.96,10.54,3.26667,3.26667,3.8
"4","4-39","M",33.14,8.08,2.8,2.8,3.26667
"4","4-40","M",34.12,7.92,2.46667,2.46667,3.2
"4","4-42","M",39,9.34,3.2,3.2,3.86667
"4","4-43","M",42.38,10.72,3.13333,3.13333,4
"4","4-44","M",42.32,10.32,4,4,NA
"4","4-46","M",35.38,8.64,2.93333,2.93333,3.66667
"4","4-47","M",42.18,11.08,2.33333,2.33333,3.66667
"4","4-48","M",37.54,9.7,3.13333,3.13333,3.8
"4","4-49","M",41.26,10.2,3.33333,3.33333,4.06667
"4","4-52","M",44.62,11.72,4.6,4.6,5.33333
"4","4-54","M",39.72,9.82,2.93333,2.93333,3.53333
"4","4-56","M",33.84,8.5,3.2,3.2,3.8
"4","4-57","M",41.86,10.3,3.33333,3.33333,3.8
"4","4-58","M",35.12,8.9,NA,0,3.46667
"4","4-69","M",31.86,8.06,2.66667,2.66667,3.13333
"4","4-70","M",37.42,10.18,2.93333,2.93333,3.53333
"4","4-71","M",41.94,10.7,2.8,2.8,3.53333
"4","4-72","M",33.62,8.08,3.06667,3.06667,3.46667
"4","4-74","M",40.72,9.92,2.93333,2.93333,3.73333
"4","4-76","M",38.4,9.56,3.4,3.4,4.13333
"4","4-78","M",30.92,7.7,NA,0,2.93333
"4","4-79","M",32.02,8.92,2.4,2.4,2.93333
"4","4-80","M",39.12,9.78,2.33333,2.33333,3.6
"4","4-81","M",37.62,9.44,3.26667,3.26667,4.13333
"4","4-82","M",43.62,11.8,3.53333,3.53333,3.93333
"4","4-84","M",45.04,11.78,1.53333,1.53333,3.86667
"4","4-86","M",44.52,11.48,3.06667,3.06667,4.33333
"4","4-89","M",42.2,10.34,3.46667,3.46667,4.2
"4","4-90","M",46.8,11.46,2.6,2.6,3.93333
"4","4-95","M",34.36,7.64,2.8,2.8,3.4
"4","4-96","M",39.34,9.94,3.26667,3.26667,3.93333
"4","4-97","M",37.96,9.62,2.4,2.4,3.26667
"4","4-98","M",30.9,7.78,2.33333,2.33333,2.86667
"4","4-99","M",30.2,7.7,2.93333,2.93333,3.33333
"4","4-100","M",52.4,14.18,3.93333,3.93333,4.93333
"4","4-101","M",43.44,10.5,NA,0,4.4
"4","4-103","M",44.8,10.6,3.46667,3.46667,4.6
"4","4-110","M",37.38,9.74,3.2,3.2,3.8
"4","4-112","M",38.9,9.96,2.86667,2.86667,3.93333
"4","4-113","M",44.9,10.8,NA,0,4.13333
"4","4-119","M",41.8,10.5,3,3,3.8
"4","4-122","M",42.42,10.98,3,3,4
"4","4-123","M",31.66,7.7,2.4,2.4,2.8
"4","4-127","M",38.76,9.92,3.46667,3.46667,4.13333
"4","4-128","M",39.64,10.7,3.06667,3.06667,3.6
"4","4-132","M",34.76,8.82,2.93333,2.93333,3.46667
"4","4-133","M",36.42,9.34,2.8,2.8,3.4
"4","4-135","M",32.42,8.12,2,2,2.73333
"4","4-139","M",41.56,10.7,2.93333,2.93333,4.13333
"4","4-140","M",41.88,10.5,3.26667,3.26667,4.13333
"4","4-141","M",35.88,8.7,2.86667,2.86667,3.46667
"4","4-142","M",43.56,10.56,4.53333,4.53333,4.93333
"4","4-144","M",35.68,8.9,2.6,2.6,NA
"4","4-145","M",42.4,10,4,4,4.86667
"4","4-147","M",32.44,7.96,2.46667,2.46667,2.93333
"4","4-155","M",32.72,7.86,2.8,2.8,3.46667
"4","4-156","M",43.38,11.06,3.33333,3.33333,NA
"4","4-158","M",41.1,11,2.4,2.4,2.8
"4","4-160","M",43.8,11.1,4.13333,4.13333,4.73333
"4","4-161","M",27.88,7.06,3.86667,3.86667,4.6
"4","4-162","M",38.6,9.7,2.93333,2.93333,3.73333
"4","4-164","M",42.74,10.76,NA,0,4.13333
"4","4-168","M",44.82,11.54,NA,0,3.86667
"4","4-170","M",37.58,10.02,2.66667,2.66667,3.53333
"4","4-171","M",40,10.6,3,3,3.66667
"4","4-172","M",41.88,10.24,3.66667,3.66667,4.33333
"4","4-173","M",41.8,10.76,3.93333,3.93333,4.66667
"4","4-175","M",37.2,9.96,3.2,3.2,3.6
"4","4-177","M",33.1,8.22,2.53333,2.53333,3
"4","4-178","M",40.24,10.72,4.13333,4.13333,4.86667
"4","4-180","M",45.8,13.32,3.4,3.4,4.73333
"4","4-183","M",32.46,8.84,2.86667,2.86667,3.4
"4","4-186","M",40.38,10.54,3.93333,3.93333,4.73333
"4","4-190","M",36,9.16,3.13333,3.13333,4.13333
"4","4-192","M",34.72,8.44,2.73333,2.73333,3.33333
"4","4-195","M",44.16,11.9,NA,0,4.6
"4","4-196","M",40.54,10.74,3,3,4
"4","4-198","M",42.82,10.88,3.46667,3.46667,3.86667
"4","4-208","M",27.82,6.8,2,2,2.53333
"4","4-209","M",44.28,11.32,3.93333,3.93333,4.53333
"4","4-6","M",28.74,7.8,2,2,2.53333
"4","4-7","F",46.6,11.5,4.6,4.6,5
"4","4-8","F",39.68,8.74,3,3,3.86667
"4","4-9","M",31.52,7.58,2.13333,2.13333,2.66667
"4","4-11","F",39.38,10.04,2.93333,2.93333,3.66667
"4","4-13","F",43.3,11.1,4.6,4.6,5.33333
"4","4-15","F",36.26,8.94,2.93333,2.93333,3.46667
"4","4-16","F",46.42,11.6,3.73333,3.73333,4.53333
"4","4-17","M",43.9,11.02,NA,0,2.13333
"4","4-18","F",39.62,9.7,2.8,2.8,3.66667
"4","4-19","F",31.92,7.88,2.66667,2.66667,3.4
"4","4-20","F",37.76,8.84,2.46667,2.46667,3.26667
"4","4-21","M",41.96,10.84,3.26667,3.26667,4
"4","4-22","F",37.34,9.2,3.33333,3.33333,4.06667
"4","4-24","F",43.34,10.7,3.33333,3.33333,4.2
"4","4-25","F",36.74,9.6,3,3,3.4
"4","4-26","F",44.46,10.66,3,3,4.13333
"4","4-27","F",38.96,9.22,3.46667,3.46667,4.13333
"4","4-28","F",40.4,9.56,2.46667,2.46667,3.33333
"4","4-29","F",37.4,9.1,3.06667,3.06667,3.46667
"4","4-30","F",38.98,10.22,3.06667,3.06667,4.13333
"4","4-32","F",41.62,11.32,3.4,3.4,4.4
"4","4-33","F",51.34,13.52,5.2,5.2,5.93333
"4","4-34","F",39.64,9.56,2.66667,2.66667,3.86667
"4","4-35","F",46.92,11.82,3.46667,3.46667,4.13333
"4","4-36","F",44.8,12,3.2,3.2,3.73333
"4","4-37","F",43.74,12.18,2.46667,2.46667,3.6
"4","4-41","F",36.4,9.2,3.26667,3.26667,4
"4","4-45","F",39.86,9.4,3.6,3.6,4.46667
"4","4-50","F",44.08,10.56,3.4,3.4,4.2
"4","4-51","F",39,9.78,2.86667,2.86667,3.46667
"4","4-53","F",40.78,9.6,2.86667,2.86667,3.53333
"4","4-55","F",44.72,11.08,4,4,4.6
"4","4-59","F",41.96,10.46,4.2,4.2,4.73333
"4","4-60","F",33.58,8.16,2.06667,2.06667,3
"4","4-61","F",35.06,8.26,2.53333,2.53333,3.13333
"4","4-62","M",32.22,8.14,2.26667,2.26667,2.73333
"4","4-63",NA,35.54,8.9,NA,0,2.93333
"4","4-64","F",33.16,7.96,3,3,3.73333
"4","4-65","M",38.44,9.46,2.8,2.8,3.46667
"4","4-66","F",39.72,10.42,3.2,3.2,3.93333
"4","4-67","M",41.84,11.02,2.73333,2.73333,3.66667
"4","4-68","M",39.18,9.54,2.6,2.6,3
"4","4-73","F",48.16,12.54,3.73333,3.73333,4.93333
"4","4-75","M",31.28,8.08,2.06667,2.06667,2.4
"4","4-77","F",39.04,10.08,3.06667,3.06667,3.93333
"4","4-83","F",37.8,10,2.93333,2.93333,3.66667
"4","4-85","F",37.62,9.38,2.66667,2.66667,3.4
"4","4-87","F",41.4,10.76,3.26667,3.26667,4
"4","4-88","F",46.78,11.6,4.33333,4.33333,4.93333
"4","4-91","F",45.01,11.18,3.93333,3.93333,4.6
"4","4-92","F",39.76,9.36,3.6,3.6,4.46667
"4","4-93","F",45.02,11.2,3.8,3.8,4.33333
"4","4-94","F",27.86,6.38,2.2,2.2,2.93333
"4","4-102","M",26.84,6.38,2,2,2.4
"4","4-104","F",44.56,10.28,4,4,4.8
"4","4-105","F",49.88,11.22,4.4,4.4,5.26667
"4","4-106","F",53.28,12.46,3.66667,3.66667,4.86667
"4","4-107","F",48.04,11.52,3.93333,3.93333,4.53333
"4","4-108","F",46.64,11.32,3.4,3.4,4.46667
"4","4-109","F",40.82,10.54,3.8,3.8,4.4
"4","4-111","F",43.66,10.4,4.2,4.2,4.93333
"4","4-114","F",47.42,12.3,5.06667,5.06667,5.93333
"4","4-115","F",42.28,10.86,3.26667,3.26667,4.06667
"4","4-116","F",37.86,9.8,3.26667,3.26667,3.73333
"4","4-117","F",35.62,8.88,2.53333,2.53333,3.2
"4","4-118","F",45.8,11.6,3.33333,3.33333,3.8
"4","4-120","F",46.28,12.08,4.06667,4.06667,5.13333
"4","4-121","F",45.36,11.1,3.26667,3.26667,4.73333
"4","4-124","F",39.14,9.94,2.66667,2.66667,3.6
"4","4-125","F",37.9,10.42,2.46667,2.46667,3.93333
"4","4-126","F",39.72,9.42,3.93333,3.93333,4.66667
"4","4-129","F",39.68,10.36,2.2,2.2,3.6
"4","4-130","F",42.72,10.32,3.06667,3.06667,4.73333
"4","4-131","F",37.24,8.78,2.86667,2.86667,3.33333
"4","4-134","F",39.1,8.84,2.73333,2.73333,3.73333
"4","4-136","F",42.16,10.2,2.93333,2.93333,3.73333
"4","4-137","M",34.96,9.5,2.33333,2.33333,2.8
"4","4-138","F",46.56,11.48,4.26667,4.26667,5.4
"4","4-143","F",37.18,8.56,2.86667,2.86667,3.46667
"4","4-146","F",34.6,8.42,2.13333,2.13333,2.86667
"4","4-148","F",27.22,6.8,1.33333,1.33333,2.26667
"4","4-149","F",45,10.88,3.53333,3.53333,4.33333
"4","4-150","F",34.24,9.16,2.66667,2.66667,3.53333
"4","4-151","F",33.1,8.64,2.8,2.8,3.26667
"4","4-152","F",43.18,10.92,3,3,4.2
"4","4-153","M",44.6,11.72,3.26667,3.26667,4.2
"4","4-154","M",38.96,10.3,2.86667,2.86667,3.46667
"4","4-157","F",44.96,11.58,3.73333,3.73333,4.66667
"4","4-159","F",50.5,12.1,4.06667,4.06667,4.8
"4","4-163","F",36.88,9.54,3.26667,3.26667,3.93333
"4","4-165","F",47.1,11.48,3.73333,3.73333,4.73333
"4","4-166","F",38.06,9.94,3.4,3.4,4.06667
"4","4-167","F",42.98,10.16,3.4,3.4,3.8
"4","4-169","F",41.66,11,3.93333,3.93333,4.6
"4","4-174","F",39.62,9.58,3.26667,3.26667,3.86667
"4","4-176","F",43.7,10.6,2.93333,2.93333,3.86667
"4","4-179","F",34,7.96,2.26667,2.26667,3
"4","4-181","F",45.66,11.12,4.33333,4.33333,5.2
"4","4-182","F",32.9,7.82,2.4,2.4,3.13333
"4","4-184","F",36.06,9,2.4,2.4,2.93333
"4","4-185","F",44.68,11.18,3.33333,3.33333,4.2
"4","4-187","F",51.2,13.64,4.06667,4.06667,5.06667
"4","4-188","F",41.8,10.7,3.6,3.6,4.4
"4","4-189","F",51.48,13.1,3.73333,3.73333,4.8
"4","4-191","F",47.86,11.48,4.2,4.2,5
"4","4-193","F",47.68,12.52,3.2,3.2,4.13333
"4","4-194","F",34.5,8.88,3.13333,3.13333,3.93333
"4","4-197","F",45.38,11.54,3.8,3.8,4.33333
"4","4-199","F",32.46,8.06,2.46667,2.46667,3.06667
"4","4-200","F",28.74,7.52,2.26667,2.26667,2.73333
"4","4-201","F",36.58,9.3,3.2,3.2,3.66667
"4","4-202","F",48.76,12.02,4.2,4.2,4.86667
"4","4-203","F",37.6,9.6,2.73333,2.73333,3.33333
"4","4-204","F",45.56,11.76,3.46667,3.46667,4.06667
"4","4-205","F",41.2,10.3,4.26667,4.26667,4.8
"4","4-206","F",39.78,10.44,2.66667,2.66667,3.73333
"4","4-207","F",34.7,9.46,2.4,2.4,3.13333
"4","4-210","F",36.48,8.38,3.06667,3.06667,3.66667
"4","4-211","M",43.9,10.48,NA,0,4.8
"4","4-212","M",44.48,11.1,2.73333,2.73333,3.6
"4","4-213","M",47.44,11.34,3,3,4
"4","4-214","M",34.32,8.78,2.8,2.8,3.53333
"4","4-215","F",47.96,11.6,3.8,3.8,4.73333
"4","4-216","M",43.94,10.74,3.26667,3.26667,3.86667
"4","4-217","M",39.88,9.84,2.2,2.2,2.8
"4","4-218","F",36.28,8.48,3.2,3.2,3.66667
"4","4-219","F",43.76,10.66,3.53333,3.53333,4.13333
"4","4-220","F",37.34,8.92,2.86667,2.86667,3.8
"4","4-221","F",38.68,10.46,2.86667,2.86667,3.8
"4","4-222","F",46.9,12.3,3.06667,3.06667,4.26667
"4","4-223","M",41.68,10.44,3.33333,3.33333,3.8
"4","4-224","M",41.86,11.22,3.26667,3.26667,3.8
"4","4-225","F",44.1,10,3.93333,3.93333,4.53333
"4","4-226","F",38.96,10.2,2.93333,2.93333,3.6
"4","4-227","M",39.96,10.14,3.2,3.2,3.86667
"4","4-228","F",40.1,10.14,3.13333,3.13333,4.13333
"4","4-229","F",30.34,7.8,2.26667,2.26667,2.6
"4","4-230","M",43.9,11.92,3.46667,3.46667,4
"4","4-231","F",47.84,11.98,3.93333,3.93333,4.66667
"4","4-232","F",32.94,7.72,1.93333,1.93333,2.86667
"4","4-233","F",45.72,10.62,3.46667,3.46667,4.46667
"4","4-234","F",49.72,11.78,NA,0,4.73333
"4","4-235","F",42.12,10.3,3.6,3.6,4.06667
"4","4-236","M",43.86,11.22,4.13333,4.13333,4.93333
"4","4-237","F",46.26,11.48,3.66667,3.66667,4.73333
"4","4-238","F",43.34,10.78,3.46667,3.46667,4.73333
"4","4-239","M",43.3,10.22,3.06667,3.06667,3.8
"4","4-240","F",41.3,10.74,3.26667,3.26667,4.06667
"4","4-241","F",44.36,12.4,3.4,3.4,4.06667
"4","4-242","F",43.4,10.66,3.26667,3.26667,4.33333
"4","4-243","M",42.92,11.06,3.2,3.2,3.86667
"4","4-244","F",38.84,10.04,2.86667,2.86667,3.93333
"4","4-245","M",41.86,11.42,3.8,3.8,4.6
"4","4-246","F",39.02,10.18,2.66667,2.66667,3.53333
"4","4-247","F",41.38,10.78,3.66667,3.66667,4.53333
"4","4-248","M",39.12,9.62,2.93333,2.93333,3.53333
"4","4-249","M",43.7,10.9,3.53333,3.53333,4.46667
"4","4-250","M",43.1,11.18,NA,0,4.6
"4","4-251","M",41.98,10.5,3.73333,3.73333,4.53333
"4","4-252","M",40.3,9.48,4.2,4.2,4.53333
"4","4-253","M",46.4,12.4,3.8,3.8,4.66667
"4","4-254","M",42.38,10.48,3.4,3.4,3.93333
"4","4-255","M",44.16,11.58,2.8,2.8,3.86667
"4","4-256","F",40.34,9.88,3.26667,3.26667,4
"4","4-257","M",38.14,10.72,4,4,4.66667
"4","4-258","F",43.34,10.7,3.73333,3.73333,4.6
"4","4-259","F",41.56,9.88,4.13333,4.13333,4.93333
"4","4-260","F",34.98,8.46,2.86667,2.86667,3.66667
"4","4-261","M",37.58,9.24,2.73333,2.73333,3.2
"4","4-262","M",43.46,11.46,3.73333,3.73333,4.53333
"4","4-263","M",39.02,10.8,2.8,2.8,3.46667
"4","4-264","F",38.58,9.76,3.66667,3.66667,4.26667
"4","4-265","F",42.34,11.48,3.8,3.8,4.6
"4","4-266","F",29.56,6.96,1.53333,1.53333,2.46667
"4","4-267","F",43.68,10.5,3.46667,3.46667,4.6
"4","4-268","M",34.22,9.02,2.6,2.6,3.06667
"4","4-269","M",38.52,9.62,3.13333,3.13333,3.66667
"4","4-270","M",51.58,13.04,5.46667,5.46667,6.06667
"4","4-271","F",48.86,12.26,4.6,4.6,5.73333
"4","4-272","F",45.64,11.36,3.33333,3.33333,4.26667
"4","4-273","F",44.46,11.3,4.4,4.4,5.2
"4","4-274","F",47.08,11.36,4.53333,4.53333,5.8
"4","4-275","M",45.34,11.5,3.46667,3.46667,3.93333
"4","4-276","F",47.6,11.68,2.86667,2.86667,4.93333
"4","4-277","M",28.72,7.88,2.26667,2.26667,2.66667
"4","4-278","F",39.62,10.08,2.8,2.8,3.4
"4","4-279","F",45.66,12,3.33333,3.33333,4.73333
"4","4-280","F",46.28,11.48,3.2,3.2,4
"4","4-281","F",41.26,10.1,2.53333,2.53333,3.13333
"4","4-282","F",43.04,10.4,3.06667,3.06667,4.13333
"4","4-283","M",29.68,7.92,2.06667,2.06667,2.53333
"4","4-284","F",39,9.96,2.66667,2.66667,3.66667
"4","4-285","M",34.02,8.58,2.66667,2.66667,3.4
"4","4-286","M",28.76,6.58,2.06667,2.06667,2.46667
"4","4-287","F",38.98,9.4,2.73333,2.73333,3.33333
"4","4-288","F",39.2,9.5,2.6,2.6,3.13333
"4","4-289","F",48.46,11.94,4.2,4.2,5.13333
"4","4-290","F",42.2,11.38,2.46667,2.46667,3.33333
"4","4-291","M",46.44,10.98,NA,0,4.86667
"4","4-292","F",34.74,8.42,2.93333,2.93333,3.2
"4","4-293","F",47.48,12.18,3.73333,3.73333,4.4
"4","4-294","M",41.3,11.7,3.4,3.4,4.26667
"4","4-295","M",33.7,8.34,2,2,2.53333
"4","4-296","M",40.46,9.84,3.86667,3.86667,4.53333
"4","4-297","M",42.8,10.48,2.8,2.8,3.53333
"4","4-298","F",44.8,10.48,2.66667,2.66667,3.66667
"4","4-299","F",44.9,11.2,3.53333,3.53333,4.13333
"4","4-300","F",44.1,10.34,4.26667,4.26667,4.93333
"4","4-301","M",40.22,10.78,3.53333,3.53333,4.26667
"4","4-302","M",44.22,11.24,3.26667,3.26667,4
"4","4-303","F",40.98,10.9,2.8,2.8,4.06667
"4","4-304","F",46,11.36,2.73333,2.73333,4.2
"4","4-305","M",33.7,8.24,2.8,2.8,3.46667
"4","4-306","M",40.04,10.82,3.06667,3.06667,3.8
"4","4-307","M",40.46,10.34,3.26667,3.26667,3.26667
"4","4-308","M",38.6,10.5,3.2,3.2,3.53333
"4","4-309","F",39.2,9.68,3.46667,3.46667,4.26667
"4","4-310","M",43.64,10.02,3.46667,3.46667,4.6
"4","4-311","F",45.7,10.94,2,2,4.13333
"4","4-312","F",43.88,10.34,3,3,4.2
"4","4-313","F",40.74,10.46,3.06667,3.06667,3.73333
"4","4-314","M",43.28,11.24,3.2,3.2,4.2
"4","4-315","F",36.96,9.7,2.66667,2.66667,3.2
"4","4-316","M",45.36,12.36,2.93333,2.93333,3.46667
"4","4-317","F",43.1,11.78,3.06667,3.06667,3.86667
"4","4-318","F",43.3,11.2,3.73333,3.73333,4.6
"4","4-319","F",36.58,9.88,2.93333,2.93333,3.93333
"4","4-320","F",43.14,10.56,3.4,3.4,4.13333
"4","4-321","F",40.86,10.98,2.8,2.8,3.53333
"4","4-322","F",34.46,8.28,2.73333,2.73333,3.33333
"4","4-323","M",43.36,11.88,3.73333,3.73333,4.73333
"4","4-324","F",43.62,11.52,3.2,3.2,4.2
"4","4-325","F",47.08,11.44,4,4,4.8
"4","4-326","F",37.1,9.38,3.66667,3.66667,4.13333
"4","4-327","F",46.64,12.54,3.46667,3.46667,4.86667
"4","4-328","M",42.2,11.18,2.66667,2.66667,3.53333
"4","4-329","F",32.04,7.96,2.86667,2.86667,3.33333
"4","4-330","M",30.6,7.94,2.53333,2.53333,3
"4","4-331","F",40.76,9.7,3.53333,3.53333,4.33333
"4","4-332","F",43.84,10.22,2.93333,2.93333,3.86667
"4","4-333","F",39.92,10.24,2.8,2.8,3.4
"4","4-334","F",40.5,10.54,3.53333,3.53333,4.93333
"4","4-335","F",44.02,10.88,3.53333,3.53333,4.33333
"4","4-336","M",39.38,9.54,2.53333,2.53333,3.26667
"4","4-337","M",33.7,7.92,2.8,2.8,3.26667
"4","4-338","F",30.96,7.76,2,2,2.73333
"4","4-339","M",44.84,11.64,3.2,3.2,3.86667
"4","4-340","M",40.64,10,2.93333,2.93333,3.66667
"4","4-341","F",36.62,8.36,3.06667,3.06667,3.33333
"4","4-342","F",37.52,9.22,2.4,2.4,3.13333
"4","4-343","M",43,11.54,3.06667,3.06667,4.06667
"4","4-344","M",37.92,10.2,3.06667,3.06667,3.66667
"4","4-345","F",47.14,11.42,3,3,3.93333
"4","4-346","M",47.18,12.64,3.8,3.8,4.46667
"4","4-347","F",46.7,11.82,3.33333,3.33333,4
"4","4-348","M",34.58,8.58,2.33333,2.33333,3.06667
"4","4-349","F",45.36,10.34,3.46667,3.46667,4.13333
"4","4-350","M",36.7,9.04,3.2,3.2,3.8
"4","4-351","F",38.52,9.76,2.93333,2.93333,3.6
"4","4-352",NA,29.14,7.18,2.13333,2.13333,2.46667
"4","4-353","F",44.3,10.72,3.06667,3.06667,4.2
"4","4-354","F",43.04,9.6,3.73333,3.73333,4.2
"4","4-355","F",37.2,9.38,2.86667,2.86667,3.4
"4","4-356","M",45.8,11.48,3.6,3.6,4.26667
"4","4-357","M",35.52,9.14,2.33333,2.33333,2.93333
"4","4-358","F",43.26,11.04,2.8,2.8,4.2
"4","4-359","M",36.1,8.3,2.33333,2.33333,2.86667
"4","4-360","M",38.76,10.14,2.93333,2.93333,3.33333
"4","4-361","M",44.82,11.6,0.73333,0.73333,3.73333
"4","4-362","F",30.38,7.5,1.8,1.8,2.4
"4","4-363","M",44.86,11.6,3.53333,3.53333,4.06667
"4","4-364","F",39.12,10.28,3.2,3.2,4.06667
"4","4-365","M",45.8,11.86,3.06667,3.06667,3.8
"4","4-366","M",48.76,13.56,3.46667,3.46667,4.2
"4","4-367","M",42.98,10.94,3.26667,3.26667,4
"4","4-368","F",34.08,7.68,2.66667,2.66667,3.2
"4","4-369","F",41.24,10.48,3.73333,3.73333,4.53333
"4","4-370","M",25.98,6.48,1.86667,1.86667,2.4
"4","4-371","F",48.84,12.7,3.26667,3.26667,4.6
"4","4-372","F",53.24,12.86,3.6,3.6,4.86667
"4","4-373","M",42.56,11.9,3.06667,3.06667,3.66667
"4","4-374","F",44.26,11.3,3.53333,3.53333,4.26667
"4","4-375","M",29.7,11.32,2.2,2.2,2.66667
"7","7-1","F",NA,NA,NA,NA,NA
"7","7-2",NA,43.7,NA,3.53333,3.53333,4.26667
"7","7-3",NA,NA,NA,NA,NA,NA
"7","7-4","M",NA,NA,NA,NA,NA
"7","7-5","F",NA,NA,NA,NA,NA
"7","7-6",NA,NA,NA,NA,NA,NA
"7","7-7","F",NA,NA,NA,NA,NA
"7","7-8","M",NA,NA,NA,NA,NA
"7","7-9","F",NA,NA,NA,NA,NA
"7","7-10","F",NA,NA,NA,NA,NA
"7","7-11","F",NA,NA,NA,NA,NA
"7","7-12","F",43.14,NA,3.8,3.8,4.8
"7","7-13","F",NA,NA,NA,NA,NA
"7","7-14","F",NA,NA,NA,NA,NA
"7","7-15","M",NA,NA,NA,NA,NA
"7","7-16",NA,NA,NA,NA,NA,NA
"7","7-17","M",NA,NA,NA,NA,NA
"7","7-18","F",NA,NA,NA,NA,NA
"7","7-19","M",NA,NA,NA,NA,NA
"7","7-20","F",NA,NA,NA,NA,NA
"7","7-21","F",44.42,NA,3.6,3.6,4.46667
"7","7-22","M",NA,NA,NA,NA,NA
"7","7-23",NA,NA,NA,NA,NA,NA
"7","7-24","F",NA,NA,NA,NA,NA
"7","7-25","F",NA,NA,NA,NA,NA
"7","7-26","F",NA,NA,NA,NA,NA
"7","7-27",NA,NA,NA,NA,NA,NA
"7","7-28","M",NA,NA,NA,NA,NA
"7","7-29","F",NA,NA,NA,NA,NA
"7","7-30","M",NA,NA,NA,NA,NA
"7","7-31","M",NA,NA,NA,NA,NA
"7","7-32","F",NA,NA,NA,NA,NA
"7","7-33","M",NA,NA,NA,NA,NA
"7","7-34","F",NA,NA,NA,NA,NA
"7","7-35","M",39.34,NA,3.2,3.2,4.2
"7","7-36","M",NA,NA,NA,NA,NA
"7","7-37","M",41.88,NA,3.06667,3.06667,3.66667
"7","7-38","M",NA,NA,NA,NA,NA
"7","7-39","F",NA,NA,NA,NA,NA
"7","7-40","M",NA,NA,NA,NA,NA
"7","7-41","F",36.64,NA,2.73333,2.73333,3.2
"7","7-42","M",NA,NA,NA,NA,NA
"7","7-43","F",NA,NA,NA,NA,NA
"7","7-44","F",NA,NA,NA,NA,NA
"7","7-45","F",NA,NA,NA,NA,NA
"7","7-46","F",29.06,NA,2.4,2.4,3.2
"7","7-47","M",NA,NA,NA,NA,NA
"7","7-48","M",NA,NA,NA,NA,NA
"7","7-49",NA,NA,NA,NA,NA,NA
"7","7-50","F",50.28,NA,4.2,4.2,5.33333
"7","7-51","F",NA,NA,NA,NA,NA
"7","7-52","M",NA,NA,NA,NA,NA
"7","7-53","F",NA,NA,NA,NA,NA
"7","7-54","F",NA,NA,NA,NA,NA
"7","7-55","F",NA,NA,NA,NA,NA
"7","7-56","F",NA,NA,NA,NA,NA
"7","7-57","F",NA,NA,NA,NA,NA
"7","7-58","M",NA,NA,NA,NA,NA
"7","7-59","F",NA,NA,NA,NA,NA
"7","7-60","M",NA,NA,NA,NA,NA
"7","7-61","F",NA,NA,NA,NA,NA
"7","7-62","M",NA,NA,NA,NA,NA
"7","7-63","M",NA,NA,NA,NA,NA
"7","7-64","M",NA,NA,NA,NA,NA
"7","7-65","M",NA,NA,NA,NA,NA
"7","7-66","F",NA,NA,NA,NA,NA
"7","7-67","F",33.86,NA,3.46667,3.46667,4.2
"7","7-68","M",NA,NA,NA,NA,NA
"7","7-69","F",NA,NA,NA,NA,NA
"7","7-70","M",NA,NA,NA,NA,NA
"7","7-71","M",NA,NA,NA,NA,NA
"7","7-72","F",NA,NA,NA,NA,NA
"7","7-73","F",NA,NA,NA,NA,NA
"7","7-74","M",NA,NA,NA,NA,NA
"7","7-75","M",NA,NA,NA,NA,NA
"7","7-76","F",NA,NA,NA,NA,NA
"7","7-77","M",NA,NA,NA,NA,NA
"7","7-78","F",NA,NA,NA,NA,NA
"7","7-79","F",NA,NA,NA,NA,NA
"7","7-80","F",NA,NA,NA,NA,NA
"7","7-81","M",42.08,NA,2.93333,2.93333,3.6
"7","7-82","M",NA,NA,NA,NA,NA
"7","7-83","M",NA,NA,NA,NA,NA
"7","7-84","F",29.54,NA,2.86667,2.86667,3.33333
"7","7-85","M",NA,NA,NA,NA,NA
"7","7-86","M",NA,NA,NA,NA,NA
"7","7-87","F",NA,NA,NA,NA,NA
"7","7-88","F",NA,NA,NA,NA,NA
"7","7-89","M",48.34,NA,3.46667,3.46667,4.4
"7","7-90","F",NA,NA,NA,NA,NA
"7","7-91","M",NA,NA,NA,NA,NA
"7","7-92","F",NA,NA,NA,NA,NA
"7","7-93","M",NA,NA,NA,NA,NA
"7","7-94","F",NA,NA,NA,NA,NA
"7","7-95","F",NA,NA,NA,NA,NA
"7","7-96","F",NA,NA,NA,NA,NA
"7","7-97","F",NA,NA,NA,NA,NA
"7","7-98",NA,NA,NA,NA,NA,NA
"7","7-99","M",NA,NA,NA,NA,NA
"7","7-100","M",NA,NA,NA,NA,NA
"7","7-101","F",NA,NA,NA,NA,NA
"7","7-102","M",NA,NA,NA,NA,NA
"7","7-103","F",NA,NA,NA,NA,NA
"7","7-104","M",NA,NA,NA,NA,NA
"7","7-105","F",NA,NA,NA,NA,NA
"7","7-106","M",NA,NA,NA,NA,NA
"7","7-107","F",42.42,NA,3.93333,3.93333,4.86667
"7","7-108","F",NA,NA,NA,NA,NA
"7","7-109","M",NA,NA,NA,NA,NA
"7","7-110","M",NA,NA,NA,NA,NA
"7","7-111","M",NA,NA,NA,NA,NA
"7","7-112","F",NA,NA,NA,NA,NA
"7","7-113","M",NA,NA,NA,NA,NA
"7","7-114","F",NA,NA,NA,NA,NA
"7","7-115","F",NA,NA,NA,NA,NA
"7","7-116","F",NA,NA,NA,NA,NA
"7","7-117","F",NA,NA,NA,NA,NA
"7","7-118","M",39.42,NA,3.86667,3.86667,4.26667
"7","7-119","F",NA,NA,NA,NA,NA
"7","7-120","F",NA,NA,NA,NA,NA
"7","7-121","F",NA,NA,NA,NA,NA
"7","7-122","F",NA,NA,NA,NA,NA
"7","7-123","F",NA,NA,NA,NA,NA
"7","7-124","F",NA,NA,NA,NA,NA
"7","7-125","F",NA,NA,NA,NA,NA
"7","7-126","F",NA,NA,NA,NA,NA
"7","7-127","F",NA,NA,NA,NA,NA
"7","7-128","M",NA,NA,NA,NA,NA
"7","7-129","M",NA,NA,NA,NA,NA
"7","7-130","M",NA,NA,NA,NA,NA
"7","7-131","M",NA,NA,NA,NA,NA
"7","7-132","F",NA,NA,NA,NA,NA
"7","7-133","M",NA,NA,NA,NA,NA
"7","7-134","F",51.22,NA,4.4,4.4,5.53333
"7","7-135","M",NA,NA,NA,NA,NA
"7","7-136","M",NA,NA,NA,NA,NA
"7","7-137","F",NA,NA,NA,NA,NA
"7","7-138","F",NA,NA,NA,NA,NA
"7","7-139","M",NA,NA,NA,NA,NA
"7","7-140","F",NA,NA,NA,NA,NA
"7","7-141","M",NA,NA,NA,NA,NA
"7","7-142","F",NA,NA,NA,NA,NA
"7","7-143","F",NA,NA,NA,NA,NA
"7","7-144","F",NA,NA,NA,NA,NA
"7","7-145","M",NA,NA,NA,NA,NA
"7","7-146","F",NA,NA,NA,NA,NA
"7","7-147","M",NA,NA,NA,NA,NA
"7","7-148",NA,NA,NA,NA,NA,NA
"7","7-149","F",NA,NA,NA,NA,NA
"7","7-150","M",42.16,NA,3.13333,3.13333,4
"7","7-151","M",NA,NA,NA,NA,NA
"7","7-152","F",NA,NA,NA,NA,NA
"7","7-153","M",NA,NA,NA,NA,NA
"7","7-154","F",44.12,NA,3.2,3.2,4.06667
"7","7-155","M",NA,NA,NA,NA,NA
"7","7-156","F",NA,NA,NA,NA,NA
"7","7-157","M",NA,NA,NA,NA,NA
"7","7-158","F",NA,NA,NA,NA,NA
"7","7-159","F",NA,NA,NA,NA,NA
"7","7-160","M",NA,NA,NA,NA,NA
"7","7-161","M",NA,NA,NA,NA,NA
"7","7-162","M",NA,NA,NA,NA,NA
"7","7-163","M",NA,NA,NA,NA,NA
"7","7-164","M",NA,NA,NA,NA,NA
"7","7-165","F",NA,NA,NA,NA,NA
"7","7-166","M",NA,NA,NA,NA,NA
"7","7-167","F",NA,NA,NA,NA,NA
"7","7-168","M",NA,NA,NA,NA,NA
"7","7-169","M",NA,NA,NA,NA,NA
"7","7-170","M",NA,NA,NA,NA,NA
"7","7-171","F",NA,NA,NA,NA,NA
"7","7-172","F",NA,NA,NA,NA,NA
"7","7-173","F",NA,NA,NA,NA,NA
"7","7-174","F",NA,NA,NA,NA,NA
"7","7-175","M",NA,NA,NA,NA,NA
"7","7-176","F",NA,NA,NA,NA,NA
"7","7-177","M",NA,NA,NA,NA,NA
"7","7-178","M",NA,NA,NA,NA,NA
"7","7-179","F",NA,NA,NA,NA,NA
"7","7-180","M",NA,NA,NA,NA,NA
"7","7-181","M",36.56,NA,3.4,3.4,4.06667
"7","7-182","M",NA,NA,NA,NA,NA
"7","7-183","M",NA,NA,NA,NA,NA
"8","8-1","M",NA,NA,NA,NA,NA
"8","8-2","F",NA,NA,NA,NA,NA
"8","8-3","M",NA,NA,NA,NA,NA
"8","8-4","M",NA,NA,NA,NA,NA
"8","8-5","M",NA,NA,NA,NA,NA
"8","8-7","F",NA,NA,NA,NA,NA
"8","8-8","F",NA,NA,NA,NA,NA
"8","8-10","F",NA,NA,NA,NA,NA
"8","8-12","F",NA,NA,NA,NA,NA
"8","8-13","M",NA,NA,NA,NA,NA
"8","8-14","F",NA,NA,NA,NA,NA
"8","8-15","M",NA,NA,NA,NA,NA
"8","8-16","F",NA,NA,NA,NA,NA
"8","8-17","F",NA,NA,NA,NA,NA
"8","8-18","F",NA,NA,NA,NA,NA
"8","8-20","F",NA,NA,NA,NA,NA
"8","8-21","F",NA,NA,NA,NA,NA
"8","8-27","F",NA,NA,NA,NA,NA
"8","8-28","F",40.74,NA,3.13333,3.13333,4.33333
"8","8-29","F",NA,NA,NA,NA,NA
"8","8-30","M",NA,NA,NA,NA,NA
"8","8-31","F",NA,NA,NA,NA,NA
"8","8-32","F",NA,NA,NA,NA,NA
"8","8-33","F",NA,NA,NA,NA,NA
"8","8-34","M",41.7,NA,2.46667,2.46667,3.2
"8","8-36","M",NA,NA,NA,NA,NA
"8","8-38","F",NA,NA,NA,NA,NA
"8","8-39","F",NA,NA,NA,NA,NA
"8","8-40","F",NA,NA,NA,NA,NA
"8","8-42","M",40.82,NA,3.2,3.2,3.8
"8","8-43","M",NA,NA,NA,NA,NA
"8","8-44","M",NA,NA,NA,NA,NA
"8","8-45","M",NA,NA,NA,NA,NA
"8","8-49","F",NA,NA,NA,NA,NA
"8","8-54","F",NA,NA,NA,NA,NA
"8","8-55","M",NA,NA,NA,NA,NA
"8","8-57","M",NA,NA,NA,NA,NA
"8","8-58","M",NA,NA,NA,NA,NA
"8","8-59","M",NA,NA,NA,NA,NA
"8","8-60","F",NA,NA,NA,NA,NA
"8","8-61","M",NA,NA,NA,NA,NA
"8","8-62","M",38.44,NA,3.26667,3.26667,3.93333
"8","8-63","F",NA,NA,NA,NA,NA
"8","8-64","F",NA,NA,NA,NA,NA
"8","8-65","F",NA,NA,NA,NA,NA
"8","8-66","F",NA,NA,NA,NA,NA
"8","8-67","M",NA,NA,NA,NA,NA
"8","8-68","F",NA,NA,NA,NA,NA
"8","8-69","M",NA,NA,NA,NA,NA
"8","8-70","M",NA,NA,NA,NA,NA
"8","8-71","F",NA,NA,NA,NA,NA
"8","8-72","F",NA,NA,NA,NA,NA
"8","8-73","M",NA,NA,NA,NA,NA
"8","8-74","F",NA,NA,NA,NA,NA
"8","8-75","F",29.2,NA,1.8,1.8,2.26667
"8","8-76","M",NA,NA,NA,NA,NA
"8","8-77","M",30.64,NA,2.53333,2.53333,3.26667
"8","8-78","M",NA,NA,NA,NA,NA
"8","8-79","F",NA,NA,NA,NA,NA
"8","8-80","M",NA,NA,NA,NA,NA
"8","8-81","M",NA,NA,NA,NA,NA
"8","8-82","M",NA,NA,NA,NA,NA
"8","8-83","M",NA,NA,NA,NA,NA
"8","8-84","M",NA,NA,NA,NA,NA
"8","8-85","M",NA,NA,NA,NA,NA
"8","8-86","M",NA,NA,NA,NA,NA
"8","8-87","M",NA,NA,NA,NA,NA
"8","8-88","F",NA,NA,NA,NA,NA
"8","8-89",NA,NA,NA,NA,NA,NA
"8","8-90","M",NA,NA,NA,NA,NA
"8","8-91","M",NA,NA,NA,NA,NA
"8","8-92","F",NA,NA,NA,NA,NA
"8","8-93","M",NA,NA,NA,NA,NA
"8","8-94","F",NA,NA,NA,NA,NA
"8","8-95","M",NA,NA,NA,NA,NA
"8","8-96","M",NA,NA,NA,NA,NA
"8","8-97","F",31,NA,2.2,2.2,3.46667
"8","8-98","M",30.78,NA,1.93333,1.93333,2.53333
"8","8-99","M",NA,NA,NA,NA,NA
"8","8-100","M",NA,NA,NA,NA,NA
"8","8-101","F",NA,NA,NA,NA,NA
"8","8-102","F",NA,NA,NA,NA,NA
"8","8-105","F",NA,NA,NA,NA,NA
"8","8-106","M",NA,NA,NA,NA,NA
"8","8-109","F",NA,NA,NA,NA,NA
"8","8-110","M",38.88,NA,3.2,3.2,4.26667
"8","8-113","F",NA,NA,NA,NA,NA
"8","8-114","F",NA,NA,NA,NA,NA
"8","8-115","F",NA,NA,NA,NA,NA
"8","8-116","F",NA,NA,NA,NA,NA
"8","8-118","F",NA,NA,NA,NA,NA
"8","8-120","F",NA,NA,NA,NA,NA
"8","8-125","F",37.06,NA,3.53333,3.53333,4.46667
"8","8-127","F",NA,NA,NA,NA,NA
"8","8-129","F",43.14,NA,3.06667,3.06667,3.86667
"8","8-131","M",42.4,NA,3.13333,3.13333,3.8
"8","8-136","F",NA,NA,NA,NA,NA
"8","8-137","F",NA,NA,NA,NA,NA
"8","8-138","M",NA,NA,NA,NA,NA
"8","8-141","M",NA,NA,NA,NA,NA
"8","8-143","M",NA,NA,NA,NA,NA
"8","8-146","M",NA,NA,NA,NA,NA
"8","8-147","F",NA,NA,NA,NA,NA
"8","8-148","M",36.4,NA,2.4,2.4,3
"8","8-149","F",NA,NA,NA,NA,NA
"8","8-150","M",NA,NA,NA,NA,NA
"8","8-151","F",45.94,NA,1.93333,1.93333,4.4
"8","8-152","F",NA,NA,NA,NA,NA
"8","8-154","M",NA,NA,NA,NA,NA
"8","8-157","F",43,NA,2.93333,2.93333,3.8
"8","8-161","F",NA,NA,NA,NA,NA
"8","8-164","F",NA,NA,NA,NA,NA
"8","8-166","M",NA,NA,NA,NA,NA
"8","8-168","F",NA,NA,NA,NA,NA
"8","8-169","M",NA,NA,NA,NA,NA
"8","8-174","F",39.34,NA,2.86667,2.86667,3.46667
"8","8-178",NA,NA,NA,NA,NA,NA
"8","8-183","F",NA,NA,NA,NA,NA
"8","8-184","M",NA,NA,NA,NA,NA
"8","8-185","F",NA,NA,NA,NA,NA
"8","8-186","F",NA,NA,NA,NA,NA
"8","8-190","M",NA,NA,NA,NA,NA
"8","8-192","M",NA,NA,NA,NA,NA
"8","8-193","F",43.4,NA,3.73333,3.73333,4.53333
"8","8-196","F",NA,NA,NA,NA,NA
"8","8-197","F",NA,NA,NA,NA,NA
"8","8-198","F",NA,NA,NA,NA,NA
"8","8-199","F",NA,NA,NA,NA,NA
"8","8-200","M",NA,NA,NA,NA,NA
"8","8-201","F",NA,NA,NA,NA,NA
"8","8-203","M",NA,NA,NA,NA,NA
"8","8-205","M",NA,NA,NA,NA,NA
"8","8-210","F",NA,NA,NA,NA,NA
"8","8-212","F",45.78,NA,3.46667,3.46667,4.33333
"8","8-214","M",NA,NA,NA,NA,NA
"8","8-218","M",NA,NA,NA,NA,NA
"8","8-219","F",NA,NA,NA,NA,NA
"8","8-220","M",NA,NA,NA,NA,NA
"8","8-221","F",NA,NA,NA,NA,NA
"8","8-222","F",NA,NA,NA,NA,NA
"8","8-223","F",NA,NA,NA,NA,NA
"8","8-224","F",NA,NA,NA,NA,NA
"8","8-225","M",NA,NA,NA,NA,NA
"8","8-226","M",NA,NA,NA,NA,NA
"8","8-227","F",NA,NA,NA,NA,NA
"8","8-228","F",NA,NA,NA,NA,NA
"8","8-229","M",NA,NA,NA,NA,NA
"8","8-230","M",NA,NA,NA,NA,NA
"8","8-231","F",NA,NA,NA,NA,NA
"8","8-232","F",NA,NA,NA,NA,NA
"8","8-233","M",NA,NA,NA,NA,NA
"8","8-234","F",NA,NA,NA,NA,NA
"8","8-235","M",NA,NA,NA,NA,NA
"8","8-236","F",NA,NA,NA,NA,NA
"8","8-237","F",NA,NA,NA,NA,NA
"8","8-238","F",NA,NA,NA,NA,NA
"8","8-239","M",NA,NA,NA,NA,NA
"8","8-241","F",NA,NA,NA,NA,NA
"8","8-242","F",45.94,NA,3.66667,3.66667,5.2
"8","8-243","F",NA,NA,NA,NA,NA
"8","8-244","M",48.08,NA,3.86667,3.86667,4.6
"8","8-245","M",NA,NA,NA,NA,NA
"8","8-246","F",NA,NA,NA,NA,NA
"8","8-247","M",NA,NA,NA,NA,NA
"8","8-248","M",NA,NA,NA,NA,NA
"8","8-249","F",39.1,NA,2.86667,2.86667,3.93333
"8","8-250","F",NA,NA,NA,NA,NA
"8","8-251","M",NA,NA,NA,NA,NA
"8","8-252","F",NA,NA,NA,NA,NA
"8","8-253","M",NA,NA,NA,NA,NA
"8","8-254","F",NA,NA,NA,NA,NA
"8","8-255","F",NA,NA,NA,NA,NA
"8","8-256","M",NA,NA,NA,NA,NA
"8","8-257","F",35.84,NA,2.53333,2.53333,3.26667
"8","8-258","F",NA,NA,NA,NA,NA
"8","8-259","M",NA,NA,NA,NA,NA
"8","8-260","M",NA,NA,NA,NA,NA
"8","8-261","M",NA,NA,NA,NA,NA
"8","8-262","F",NA,NA,NA,NA,NA
"8","8-263","M",NA,NA,NA,NA,NA
"8","8-265","M",NA,NA,NA,NA,NA
"8","8-266","M",NA,NA,NA,NA,NA
"8","8-267","M",NA,NA,NA,NA,NA
"8","8-270","M",NA,NA,NA,NA,NA
"8","8-271","M",NA,NA,NA,NA,NA
"8","8-273","F",NA,NA,NA,NA,NA
"8","8-274","F",NA,NA,NA,NA,NA
"8","8-278","M",NA,NA,NA,NA,NA
"8","8-280","M",NA,NA,NA,NA,NA
"8","8-282","M",NA,NA,NA,NA,NA
"8","8-283","F",NA,NA,NA,NA,NA
"8","8-284","M",NA,NA,NA,NA,NA
"8","8-287","F",NA,NA,NA,NA,NA
"8","8-288","M",NA,NA,NA,NA,NA
"8","8-289","F",NA,NA,NA,NA,NA
"8","8-290","M",NA,NA,NA,NA,NA
"8","8-291","F",NA,NA,NA,NA,NA
"8","8-292","F",NA,NA,NA,NA,NA
"8","8-293","F",NA,NA,NA,NA,NA
"8","8-294","F",NA,NA,NA,NA,NA
"8","8-295","M",NA,NA,NA,NA,NA
"8","8-296","F",NA,NA,NA,NA,NA
"8","8-297","F",NA,NA,NA,NA,NA
"8","8-298","F",NA,NA,NA,NA,NA
"8","8-299","F",NA,NA,NA,NA,NA
"8","8-300","F",39.7,NA,3,3,4.26667
"8","8-301","F",NA,NA,NA,NA,NA
"8","8-302","M",NA,NA,NA,NA,NA
"8","8-6",NA,NA,NA,NA,NA,NA
"8","8-9",NA,NA,NA,NA,NA,NA
"8","8-11","M",NA,NA,NA,NA,NA
"8","8-19","F",NA,NA,NA,NA,NA
"8","8-22","M",NA,NA,NA,NA,NA
"8","8-23","F",NA,NA,NA,NA,NA
"8","8-24",NA,NA,NA,NA,NA,NA
"8","8-25",NA,NA,NA,NA,NA,NA
"8","8-26","M",NA,NA,NA,NA,NA
"8","8-35",NA,NA,NA,NA,NA,NA
"8","8-37",NA,NA,NA,NA,NA,NA
"8","8-41","M",NA,NA,NA,NA,NA
"8","8-46",NA,NA,NA,NA,NA,NA
"8","8-47",NA,NA,NA,NA,NA,NA
"8","8-48","F",NA,NA,NA,NA,NA
"8","8-50","F",NA,NA,NA,NA,NA
"8","8-51","M",NA,NA,NA,NA,NA
"8","8-52","M",46.62,NA,3.06667,3.06667,4.33333
"8","8-53","M",NA,NA,NA,NA,NA
"8","8-56","M",NA,NA,NA,NA,NA
"8","8-103",NA,47.58,NA,3.8,3.8,4.53333
"8","8-104",NA,NA,NA,NA,NA,NA
"8","8-107",NA,NA,NA,NA,NA,NA
"8","8-108","F",NA,NA,NA,NA,NA
"8","8-111",NA,NA,NA,NA,NA,NA
"8","8-112","M",NA,NA,NA,NA,NA
"8","8-117","F",NA,NA,NA,NA,NA
"8","8-119","F",41.4,NA,2.6,2.6,3.66667
"8","8-121","F",49.54,NA,3.33333,3.33333,4.53333
"8","8-122","M",NA,NA,NA,NA,NA
"8","8-123",NA,NA,NA,NA,NA,NA
"8","8-124","M",NA,NA,NA,NA,NA
"8","8-126","M",NA,NA,NA,NA,NA
"8","8-128",NA,NA,NA,NA,NA,NA
"8","8-130","F",NA,NA,NA,NA,NA
"8","8-132",NA,NA,NA,NA,NA,NA
"8","8-133",NA,NA,NA,NA,NA,NA
"8","8-134","F",NA,NA,NA,NA,NA
"8","8-135","M",NA,NA,NA,NA,NA
"8","8-139","M",NA,NA,NA,NA,NA
"8","8-140","F",NA,NA,NA,NA,NA
"8","8-142","M",NA,NA,NA,NA,NA
"8","8-144",NA,NA,NA,NA,NA,NA
"8","8-145","M",NA,NA,NA,NA,NA
"8","8-153",NA,NA,NA,NA,NA,NA
"8","8-155",NA,NA,NA,NA,NA,NA
"8","8-156",NA,NA,NA,NA,NA,NA
"8","8-158","M",NA,NA,NA,NA,NA
"8","8-159","M",NA,NA,NA,NA,NA
"8","8-160","F",NA,NA,NA,NA,NA
"8","8-162","F",NA,NA,NA,NA,NA
"8","8-163","M",41.28,NA,3.26667,3.26667,3.66667
"8","8-165",NA,NA,NA,NA,NA,NA
"8","8-167","F",NA,NA,NA,NA,NA
"8","8-170","F",NA,NA,NA,NA,NA
"8","8-171","F",44.14,NA,4.2,4.2,5.06667
"8","8-172",NA,NA,NA,NA,NA,NA
"8","8-173","M",NA,NA,NA,NA,NA
"8","8-175","F",NA,NA,NA,NA,NA
"8","8-176","M",NA,NA,NA,NA,NA
"8","8-177","M",NA,NA,NA,NA,NA
"8","8-179",NA,NA,NA,NA,NA,NA
"8","8-180","F",NA,NA,NA,NA,NA
"8","8-181",NA,NA,NA,NA,NA,NA
"8","8-182","M",NA,NA,NA,NA,NA
"8","8-187","F",NA,NA,NA,NA,NA
"8","8-188","M",NA,NA,NA,NA,NA
"8","8-189","M",NA,NA,NA,NA,NA
"8","8-191","M",NA,NA,NA,NA,NA
"8","8-194","F",NA,NA,NA,NA,NA
"8","8-195","M",NA,NA,NA,NA,NA
"8","8-202","F",NA,NA,NA,NA,NA
"8","8-204","F",NA,NA,NA,NA,NA
"8","8-206","F",NA,NA,NA,NA,NA
"8","8-207",NA,NA,NA,NA,NA,NA
"8","8-208",NA,NA,NA,NA,NA,NA
"8","8-209",NA,NA,NA,NA,NA,NA
"8","8-211",NA,NA,NA,NA,NA,NA
"8","8-213",NA,NA,NA,NA,NA,NA
"8","8-215",NA,NA,NA,NA,NA,NA
"8","8-216",NA,NA,NA,NA,NA,NA
"8","8-217",NA,NA,NA,NA,NA,NA
"8","8-240","F",NA,NA,NA,NA,NA
"8","8-264",NA,NA,NA,NA,NA,NA
"8","8-268",NA,48.66,NA,3.93333,3.93333,4.66667
"8","8-269","F",NA,NA,NA,NA,NA
"8","8-272",NA,NA,NA,NA,NA,NA
"8","8-275","M",NA,NA,NA,NA,NA
"8","8-276",NA,NA,NA,NA,NA,NA
"8","8-277",NA,48.84,NA,3.06667,3.06667,4.33333
"8","8-279","F",NA,NA,NA,NA,NA
"8","8-281",NA,46.38,NA,4.46667,4.46667,5.33333
"8","8-285","M",NA,NA,NA,NA,NA
"8","8-286","F",NA,NA,NA,NA,NA
"12","12-1","M",NA,NA,NA,NA,NA
"12","12-2","F",NA,NA,NA,NA,NA
"12","12-3",NA,NA,NA,NA,NA,NA
"12","12-4","F",NA,NA,NA,NA,NA
"12","12-5","M",NA,NA,NA,NA,NA
"12","12-6","M",NA,NA,NA,NA,NA
"12","12-7","F",NA,NA,NA,NA,NA
"12","12-8","M",NA,NA,NA,NA,NA
"12","12-9","F",NA,NA,NA,NA,NA
"12","12-10","F",NA,NA,NA,NA,NA
"12","12-11","F",NA,NA,NA,NA,NA
"12","12-12","M",NA,NA,NA,NA,NA
"12","12-13","F",NA,NA,NA,NA,NA
"12","12-14","F",NA,NA,NA,NA,NA
"12","12-15","F",NA,NA,NA,NA,NA
"12","12-16","M",NA,NA,NA,NA,NA
"12","12-17","M",NA,NA,NA,NA,NA
"12","12-18","F",36.38,NA,2.13333,2.13333,3.26667
"12","12-19","M",38.48,NA,2.4,2.4,3.26667
"12","12-20","F",NA,NA,NA,NA,NA
"12","12-21","M",NA,NA,NA,NA,NA
"12","12-22","M",NA,NA,NA,NA,NA
"12","12-23","F",NA,NA,NA,NA,NA
"12","12-24","F",NA,NA,NA,NA,NA
"12","12-25","F",27.98,NA,1.6,1.6,2.53333
"12","12-26","F",NA,NA,NA,NA,NA
"12","12-27","F",NA,NA,NA,NA,NA
"12","12-28","M",NA,NA,NA,NA,NA
"12","12-29","M",NA,NA,NA,NA,NA
"12","12-30","F",36.36,NA,2.86667,2.86667,3.66667
"12","12-31","F",NA,NA,NA,NA,NA
"12","12-32","M",NA,NA,NA,NA,NA
"12","12-33","M",NA,NA,NA,NA,NA
"12","12-34","F",54.42,NA,4.53333,4.53333,4.93333
"12","12-35","F",NA,NA,NA,NA,NA
"12","12-36","F",46.72,NA,3.26667,3.26667,4.46667
"12","12-37","F",NA,NA,NA,NA,NA
"12","12-38","F",NA,NA,NA,NA,NA
"12","12-39","F",NA,NA,NA,NA,NA
"12","12-40","M",42.88,NA,3.26667,3.26667,4.06667
"12","12-41","F",NA,NA,NA,NA,NA
"12","12-42","F",NA,NA,NA,NA,NA
"12","12-43","M",46.74,NA,3.8,3.8,4.53333
"12","12-44","M",NA,NA,NA,NA,NA
"12","12-45","F",NA,NA,NA,NA,NA
"12","12-46","F",NA,NA,NA,NA,NA
"12","12-47","M",NA,NA,NA,NA,NA
"12","12-48","F",NA,NA,NA,NA,NA
"12","12-49","M",NA,NA,NA,NA,NA
"12","12-50","F",NA,NA,NA,NA,NA
"12","12-51","F",NA,NA,NA,NA,NA
"12","12-52","F",NA,NA,NA,NA,NA
"12","12-53","F",49.04,NA,4.46667,4.46667,5.53333
"12","12-54","M",NA,NA,NA,NA,NA
"12","12-55","M",50.36,NA,4.26667,4.26667,5.13333
"12","12-56","M",NA,NA,NA,NA,NA
"12","12-57","M",NA,NA,NA,NA,NA
"12","12-58","F",NA,NA,NA,NA,NA
"12","12-59","F",NA,NA,NA,NA,NA
"12","12-60","M",NA,NA,NA,NA,NA
"12","12-61","M",NA,NA,NA,NA,NA
"12","12-62","M",NA,NA,NA,NA,NA
"12","12-63","F",NA,NA,NA,NA,NA
"12","12-64","F",NA,NA,NA,NA,NA
"12","12-65","M",NA,NA,NA,NA,NA
"12","12-66","M",NA,NA,NA,NA,NA
"12","12-67","M",NA,NA,NA,NA,NA
"12","12-68","F",38.54,NA,2.8,2.8,3.8
"12","12-69","F",NA,NA,NA,NA,NA
"12","12-70","M",NA,NA,NA,NA,NA
"12","12-71","F",NA,NA,NA,NA,NA
"12","12-72","M",NA,NA,NA,NA,NA
"12","12-73","F",NA,NA,NA,NA,NA
"12","12-74","M",NA,NA,NA,NA,NA
"12","12-75","M",NA,NA,NA,NA,NA
"12","12-76","F",NA,NA,NA,NA,NA
"12","12-77",NA,NA,NA,NA,NA,NA
"12","12-78","M",NA,NA,NA,NA,NA
"12","12-79","F",NA,NA,NA,NA,NA
"12","12-80","M",36.84,NA,2.66667,2.66667,3.53333
"12","12-81","M",NA,NA,NA,NA,NA
"12","12-82","M",NA,NA,NA,NA,NA
"12","12-83","M",NA,NA,NA,NA,NA
"12","12-84","F",NA,NA,NA,NA,NA
"12","12-85","F",NA,NA,NA,NA,NA
"12","12-86","F",52.22,NA,3.73333,3.73333,5.2
"12","12-87","F",NA,NA,NA,NA,NA
"12","12-88","M",NA,NA,NA,NA,NA
"12","12-89","F",NA,NA,NA,NA,NA
"12","12-90","F",NA,NA,NA,NA,NA
"12","12-91","M",NA,NA,NA,NA,NA
"12","12-92","F",NA,NA,NA,NA,NA
"12","12-93","M",NA,NA,NA,NA,NA
"12","12-94","F",NA,NA,NA,NA,NA
"12","12-95","F",NA,NA,NA,NA,NA
"12","12-96","F",NA,NA,NA,NA,NA
"12","12-97","F",NA,NA,NA,NA,NA
"12","12-98","M",NA,NA,NA,NA,NA
"12","12-99","M",NA,NA,NA,NA,NA
"12","12-100","M",37.04,NA,2.46667,2.46667,3.06667
"12","12-101","M",NA,NA,NA,NA,NA
"12","12-102","F",NA,NA,NA,NA,NA
"12","12-103","M",NA,NA,NA,NA,NA
"12","12-104","F",NA,NA,NA,NA,NA
"12","12-105","M",NA,NA,NA,NA,NA
"12","12-106","F",NA,NA,NA,NA,NA
"12","12-107","F",NA,NA,NA,NA,NA
"12","12-108","M",NA,NA,NA,NA,NA
"12","12-109","F",NA,NA,NA,NA,NA
"12","12-110","M",NA,NA,NA,NA,NA
"12","12-111","F",NA,NA,NA,NA,NA
"12","12-112","M",NA,NA,NA,NA,NA
"12","12-113","M",NA,NA,NA,NA,NA
"12","12-114","M",NA,NA,NA,NA,NA
"12","12-115","M",NA,NA,NA,NA,NA
"12","12-116","F",NA,NA,NA,NA,NA
"12","12-117","M",NA,NA,NA,NA,NA
"12","12-118","F",NA,NA,NA,NA,NA
"12","12-119","F",NA,NA,NA,NA,NA
"12","12-120","M",NA,NA,NA,NA,NA
"12","12-121","M",NA,NA,NA,NA,NA
"12","12-122","M",49.02,NA,4.13333,4.13333,4.86667
"12","12-123","F",NA,NA,NA,NA,NA
"12","12-124","F",NA,NA,NA,NA,NA
"12","12-125","F",NA,NA,NA,NA,NA
"12","12-126","F",NA,NA,NA,NA,NA
"12","12-127","M",NA,NA,NA,NA,NA
"12","12-128",NA,NA,NA,NA,NA,NA
"12","12-129","M",NA,NA,NA,NA,NA
"12","12-130","F",43.54,NA,3.53333,3.53333,4.46667
"12","12-131","M",NA,NA,NA,NA,NA
"12","12-132","M",NA,NA,NA,NA,NA
"12","12-133","M",NA,NA,NA,NA,NA
"12","12-134","F",NA,NA,NA,NA,NA
"12","12-135","F",NA,NA,NA,NA,NA
"12","12-136","M",NA,NA,NA,NA,NA
"12","12-137","M",NA,NA,NA,NA,NA
"12","12-138","M",NA,NA,NA,NA,NA
"12","12-139",NA,NA,NA,NA,NA,NA
"12","12-140","F",NA,NA,NA,NA,NA
"12","12-141","F",NA,NA,NA,NA,NA
"12","12-142","F",NA,NA,NA,NA,NA
"12","12-143","F",NA,NA,NA,NA,NA
"12","12-144","M",NA,NA,NA,NA,NA
"12","12-145","F",35.24,NA,2.46667,2.46667,3.46667
"12","12-146","F",37.54,NA,0.93333,0.93333,3.73333
"12","12-147","F",NA,NA,NA,NA,NA
"12","12-148","M",NA,NA,NA,NA,NA
"12","12-149","F",NA,NA,NA,NA,NA
"12","12-150","F",NA,NA,NA,NA,NA
"12","12-151","M",NA,NA,NA,NA,NA
"12","12-152","F",NA,NA,NA,NA,NA
"12","12-153","F",NA,NA,NA,NA,NA
"12","12-154","M",NA,NA,NA,NA,NA
"12","12-155","F",NA,NA,NA,NA,NA
"12","12-156","F",NA,NA,NA,NA,NA
"12","12-157","F",NA,NA,NA,NA,NA
"12","12-158","F",NA,NA,NA,NA,NA
"12","12-159","F",41.64,NA,3.06667,3.06667,4.2
"12","12-160","M",50.08,NA,3.8,3.8,4.8
"12","12-161","F",NA,NA,NA,NA,NA
"12","12-162","F",NA,NA,NA,NA,NA
"12","12-163","F",NA,NA,NA,NA,NA
"12","12-164","F",NA,NA,NA,NA,NA
"12","12-165","M",NA,NA,NA,NA,NA
"12","12-166","M",NA,NA,NA,NA,NA
"12","12-167","M",47.54,NA,3.06667,3.06667,4.26667
"12","12-168","M",NA,NA,NA,NA,NA
"12","12-169","F",NA,NA,NA,NA,NA
"12","12-170","F",NA,NA,NA,NA,NA
"12","12-171","M",NA,NA,NA,NA,NA
"12","12-172","F",NA,NA,NA,NA,NA
"12","12-173","M",NA,NA,NA,NA,NA
"12","12-174","F",NA,NA,NA,NA,NA
"12","12-175","M",NA,NA,NA,NA,NA
"12","12-176","F",NA,NA,NA,NA,NA
"12","12-177","M",NA,NA,NA,NA,NA
"12","12-178","F",NA,NA,NA,NA,NA
"12","12-179","M",NA,NA,NA,NA,NA
"12","12-180","M",NA,NA,NA,NA,NA
"12","12-181","M",NA,NA,NA,NA,NA
"12","12-182","M",NA,NA,NA,NA,NA
"12","12-183","F",NA,NA,NA,NA,NA
"12","12-184","F",NA,NA,NA,NA,NA
"12","12-185","F",NA,NA,NA,NA,NA
"12","12-186","M",39.98,NA,3.2,3.2,4
"12","12-187","M",NA,NA,NA,NA,NA
"12","12-188","M",NA,NA,NA,NA,NA
"12","12-189","F",NA,NA,NA,NA,NA
"12","12-190","F",NA,NA,NA,NA,NA
"12","12-191","M",43.88,NA,3.6,3.6,4.4
"12","12-192","M",NA,NA,NA,NA,NA
"12","12-193","M",NA,NA,NA,NA,NA
"12","12-194","M",NA,NA,NA,NA,NA
"12","12-195","M",NA,NA,NA,NA,NA
"12","12-196","F",NA,NA,NA,NA,NA
"12","12-197","M",NA,NA,NA,NA,NA
"12","12-198","F",NA,NA,NA,NA,NA
"12","12-199","F",38.08,NA,3.06667,3.06667,3.86667
"12","12-200","F",NA,NA,NA,NA,NA
"12","12-201","F",NA,NA,NA,NA,NA
"12","12-202","M",42.78,NA,2.93333,2.93333,3.8
"12","12-203","M",NA,NA,NA,NA,NA
"12","12-204","M",NA,NA,NA,NA,NA
"12","12-205","M",40.56,NA,2.6,2.6,3.4
"12","12-206","F",NA,NA,NA,NA,NA
"12","12-207","F",NA,NA,NA,NA,NA
"12","12-208","F",NA,NA,NA,NA,NA
"12","12-209","F",NA,NA,NA,NA,NA
"12","12-210","F",NA,NA,NA,NA,NA
"12","12-211","M",NA,NA,NA,NA,NA
"12","12-212","F",NA,NA,NA,NA,NA
"12","12-213","F",NA,NA,NA,NA,NA
"12","12-214","M",37.94,NA,2.2,2.2,3.33333
"12","12-215","F",37.86,NA,2.8,2.8,4.13333
"12","12-216","F",37.6,NA,2.73333,2.73333,3.8
"12","12-217","M",NA,NA,NA,NA,NA
"12","12-218","F",NA,NA,NA,NA,NA
"12","12-219","F",NA,NA,NA,NA,NA
"12","12-220","F",NA,NA,NA,NA,NA
"12","12-221","M",NA,NA,NA,NA,NA
"12","12-222","F",NA,NA,NA,NA,NA
"12","12-223","M",NA,NA,NA,NA,NA
"12","12-224","M",NA,NA,NA,NA,NA
"12","12-225","M",NA,NA,NA,NA,NA
"12","12-226","M",NA,NA,NA,NA,NA
"12","12-227",NA,NA,NA,NA,NA,NA
"12","12-228","F",33.54,NA,2.53333,2.53333,3.26667
"12","12-229","M",NA,NA,NA,NA,NA
"15","15-1","M",44.38,11.12,NA,NA,NA
"15","15-2","F",47.8,11.65,NA,NA,NA
"15","15-3","M",47.46,11.43,4.13333,4.13333,4.8
"15","15-4","F",44.38,10.83,NA,NA,NA
"15","15-5","M",46.16,11.49,3.66667,3.66667,4.4
"15","15-6","F",42.53,9.57,NA,NA,NA
"15","15-7","M",45.54,10.79,NA,0,3.86667
"15","15-8","M",42.25,10.84,3.53333,3.53333,4.4
"15","15-9","F",43.5,10.94,NA,NA,NA
"15","15-10","M",35.77,8.32,NA,NA,NA
"15","15-11","F",44.2,10.3,4.13333,4.13333,4.86667
"15","15-12","F",38.47,9.24,NA,NA,NA
"15","15-13","M",33.79,8.72,NA,NA,NA
"15","15-14","M",31.14,6.91,NA,NA,NA
"15","15-15","F",33.95,8.92,NA,NA,NA
"15","15-16","M",27.64,5.82,NA,NA,NA
"15","15-17","M",47.76,11.83,NA,NA,NA
"15","15-18","F",45.95,10.3,NA,NA,NA
"15","15-19","F",42.36,9.98,NA,NA,NA
"15","15-20","F",38.26,8.82,NA,NA,NA
"15","15-21","F",41.38,10.27,NA,NA,NA
"15","15-22","F",45.83,11.41,3.73333,3.73333,4.53333
"15","15-23","F",43.79,10.67,NA,NA,NA
"15","15-24","M",44.62,10.63,NA,NA,NA
"15","15-25","F",46.2,10.98,NA,NA,NA
"15","15-26","F",48.27,11.68,NA,NA,NA
"15","15-27","F",47.77,11.78,3.93333,3.93333,4.66667
"15","15-28","F",40.81,9.87,NA,NA,NA
"15","15-29","F",44.86,11.39,NA,NA,NA
"15","15-30","M",37.82,9.54,NA,NA,NA
"15","15-31","F",43.26,10.44,NA,NA,NA
"15","15-32","M",41.61,10.72,NA,NA,NA
"15","15-33","F",38.7,9.68,NA,NA,NA
"15","15-34","M",47.29,11.72,NA,NA,NA
"15","15-35","F",42.3,11.3,NA,NA,NA
"15","15-36","F",42.39,9.7,NA,NA,NA
"15","15-37","M",39.1,9.96,NA,NA,NA
"15","15-38","M",38.09,9.75,2.86667,2.86667,3.33333
"15","15-39","F",38.34,9.42,NA,NA,NA
"15","15-40","F",40.61,9.26,NA,NA,NA
"15","15-41","F",40.48,9.09,3,3,3.86667
"15","15-42","M",46.32,10.75,NA,NA,NA
"15","15-43","F",44.4,10.32,4,4,5.2
"15","15-44","M",35.25,8.34,2.53333,2.53333,3
"15","15-45","F",43.41,9.31,NA,NA,NA
"15","15-46","M",48.18,11.5,NA,NA,NA
"15","15-47","F",41.7,9.64,NA,NA,NA
"15","15-48","M",47.4,11.23,NA,NA,NA
"15","15-49","F",36.37,9.19,3.26667,3.26667,3.93333
"15","15-50","F",34.86,8.19,NA,NA,NA
"15","15-51","F",38.27,9.36,2.33333,2.33333,2.86667
"15","15-52","F",30.12,7.74,NA,NA,NA
"15","15-53","M",29.46,6.84,NA,NA,NA
"15","15-54","F",36.15,8.7,NA,NA,NA
"15","15-55","M",31.8,7.29,NA,NA,NA
"15","15-56","F",46.41,11.58,NA,NA,NA
"15","15-57","F",48.89,11.49,4.06667,4.06667,4.8
"15","15-58","M",46.14,11.92,NA,NA,NA
"15","15-59","M",45.69,11.17,NA,NA,NA
"15","15-60","M",41.17,10.42,NA,NA,NA
"15","15-61","F",43.42,10.68,3.4,3.4,4.4
"15","15-62","M",51.85,13.23,NA,NA,NA
"15","15-63","F",43.91,9.94,NA,NA,NA
"15","15-64","M",45.62,11.49,NA,NA,NA
"15","15-65","F",43.57,9.76,NA,NA,NA
"15","15-66","F",43.49,9.72,NA,NA,NA
"15","15-67","F",42.17,10.49,NA,NA,NA
"15","15-68","M",46.68,11.21,4.26667,4.26667,4.93333
"15","15-69","F",42.74,10.69,NA,NA,NA
"15","15-70","M",41.26,10.79,NA,NA,NA
"15","15-71","M",36.9,8.96,NA,NA,NA
"15","15-72","M",38.47,9.45,NA,NA,NA
"15","15-73","F",41.44,9.37,NA,NA,NA
"15","15-74","F",41.2,9.21,2.93333,2.93333,4.13333
"15","15-75","F",25.87,6.01,2.13333,2.13333,2.8
"15","15-76","M",50.81,12.49,NA,NA,NA
"15","15-77","F",44.59,11.25,4.26667,4.26667,4.93333
"15","15-78","M",38.24,9.2,2.8,2.8,3.33333
"15","15-79","F",48.65,11.56,NA,NA,NA
"15","15-80","F",39.66,9.57,NA,NA,NA
"15","15-81","M",47.25,11.01,4.8,4.8,5.13333
"15","15-82","M",38.73,8.56,3.2,3.2,3.86667
"15","15-83","F",39.77,9.66,NA,NA,NA
"15","15-84","F",48.3,11.47,4.06667,4.06667,4.8
"15","15-85","F",38.78,9.49,NA,NA,NA
"15","15-86","M",44.39,10.66,NA,NA,NA
"15","15-87","M",42.1,10.05,NA,NA,NA
"15","15-88","F",42.33,9.8,NA,NA,NA
"15","15-89","F",49.34,12.5,NA,NA,NA
"15","15-90","M",36.94,9.76,NA,NA,NA
"15","15-91","M",40.77,10.34,2.73333,2.73333,3.13333
"15","15-92","M",41.05,9.89,NA,NA,NA
"15","15-93","M",32.39,7.28,2.2,2.2,2.73333
"15","15-94","M",40.82,9.84,NA,NA,NA
"15","15-95","F",43.41,10.28,3.8,3.8,4.86667
"15","15-96","M",43.81,10.13,4.06667,4.06667,4.6
"15","15-97","M",51.63,12.55,4.66667,4.66667,5.33333
"15","15-98","M",41.03,9.64,2.8,2.8,3.4
"15","15-99","F",44.08,10.47,NA,NA,NA
"15","15-100","F",41.79,10,NA,NA,NA
"15","15-101","F",48.08,11.35,3.8,3.8,4.46667
"15","15-102","F",43.29,10.4,NA,NA,NA
"15","15-103","F",41.28,10.44,NA,NA,NA
"15","15-104","M",39.7,9.61,NA,NA,NA
"15","15-105","F",45.47,10.25,NA,NA,NA
"15","15-106","F",43.19,9.89,NA,NA,NA
"15","15-107","M",37.37,9.03,NA,NA,NA
"15","15-108","M",44.1,10.53,NA,NA,NA
"15","15-109","M",42.73,9.34,3.46667,3.46667,4.06667
"15","15-110","F",47.91,11.43,NA,NA,NA
"15","15-111","M",33.2,7.67,NA,NA,NA
"15","15-112","M",44.7,10.88,4.6,4.6,5.4
"15","15-113","F",42.75,9.24,3.73333,3.73333,4.4
"15","15-114","F",42.97,10.12,3.8,3.8,3.86667
"15","15-115","M",40.23,9.43,3.46667,3.46667,4.26667
"15","15-116","F",42.07,9.36,3.26667,3.26667,NA
"15","15-117","M",35.5,8.54,2.93333,2.93333,3.33333
"15","15-118","M",33.41,7.43,2.2,2.2,2.53333
"15","15-119","M",37.36,8.61,NA,NA,NA
"15","15-120","F",41.24,9.27,4.2,4.2,4.93333
"15","15-121","F",42.63,9.76,NA,NA,NA
"15","15-122","M",27.82,6.33,NA,NA,NA
"15","15-123","F",38.32,9.07,NA,NA,NA
"15","15-124","M",24.19,5.54,NA,NA,NA
"15","15-125","F",42.27,9.28,NA,NA,NA
"15","15-126","F",41.42,9.91,NA,NA,NA
"15","15-127","F",53.82,11.72,3.8,3.8,5.13333
"15","15-128","F",39.73,9.58,NA,NA,NA
"15","15-129","M",42.55,9.6,3.6,3.6,4.26667
"15","15-130","F",45.81,10.45,4.2,4.2,4.86667
"15","15-131","F",46.29,10.76,NA,NA,NA
"15","15-132","M",44.18,10.08,NA,NA,NA
"15","15-133","F",42.38,9.56,NA,NA,NA
"15","15-134","F",42.53,10.14,NA,NA,NA
"15","15-135","M",39.52,9.5,NA,NA,NA
"15","15-136","F",50.28,11.08,NA,NA,NA
"15","15-137","M",44.95,10.09,NA,NA,NA
"15","15-138","M",43.7,10.19,NA,NA,NA
"15","15-139","M",50.68,12.36,4.26667,4.26667,5.06667
"15","15-140","F",45.41,9.72,3.93333,3.93333,5.46667
"15","15-141","M",52.96,12.85,NA,NA,NA
"15","15-142","M",50.09,11.67,NA,NA,NA
"15","15-143","M",49.71,11.57,4.26667,4.26667,4.86667
"15","15-144","F",42.59,9.68,3.46667,3.46667,4.2
"15","15-145","F",45.13,10.13,NA,NA,NA
"15","15-146","M",49.16,12.18,NA,NA,NA
"15","15-147","M",48.95,11.26,NA,NA,NA
"15","15-148","M",41.46,10,NA,NA,NA
"15","15-149","M",45.6,10.24,NA,NA,NA
"15","15-150","F",51.34,12.34,NA,NA,NA
"15","15-151","M",39.6,9.24,2.66667,2.66667,3.4
"15","15-152","F",38.44,9.11,NA,NA,NA
"15","15-153","M",43.1,10.57,4.2,4.2,5.13333
"15","15-154","M",47.39,10.67,NA,NA,NA
"15","15-155","F",45.95,10.87,NA,NA,NA
"15","15-156","F",40.61,9.43,NA,NA,NA
"15","15-157","M",43.9,10.18,2.8,2.8,3.73333
"15","15-158","F",41.85,10,NA,NA,NA
"15","15-159","M",35.78,8.09,3.33333,3.33333,4.06667
"15","15-160","M",51.49,11.98,4.8,4.8,5.33333
"15","15-161","F",40.86,9.63,3.93333,3.93333,4.66667
"15","15-162","F",46.81,11.71,4.6,4.6,5.2
"15","15-163","M",42.69,9.76,NA,NA,NA
"15","15-164","M",45.91,10.95,3.13333,3.13333,4.06667
"15","15-165","F",49.86,11.73,NA,NA,NA
"15","15-166","F",40.55,9.17,NA,NA,NA
"15","15-167","F",40.33,9.62,3.33333,3.33333,4
"15","15-168","F",44.85,10.02,NA,NA,NA
"15","15-169","F",39.47,9.3,NA,NA,NA
"15","15-170","M",41.15,9.55,NA,NA,NA
"15","15-171","M",37.28,8.62,NA,NA,NA
"15","15-172","M",43.71,9.91,NA,NA,NA
"15","15-173","M",49.28,11.85,NA,NA,NA
"15","15-174","F",48.51,10.51,NA,NA,NA
"15","15-175","M",33.56,7.75,2.53333,2.53333,3.13333
"15","15-176","F",34.96,8.19,NA,NA,NA
"15","15-177","M",40.58,9.82,NA,NA,NA
"15","15-178","F",45.04,10.42,4,4,5
"15","15-179","M",44.13,10.48,4,4,4.66667
"15","15-180","M",31.82,7.7,NA,NA,NA
"15","15-181","F",41.01,10.26,NA,NA,NA
"15","15-182","M",41.61,10.76,NA,NA,NA
"15","15-183","F",48.99,11.73,NA,NA,NA
"15","15-184","F",44.38,10.05,NA,NA,NA
"15","15-185","M",35.28,8.47,NA,NA,NA
"15","15-186","F",36.37,8.07,NA,NA,NA
"15","15-187","F",37.38,8.65,NA,NA,NA
"15","15-188","F",44.45,10.34,NA,NA,NA
"15","15-189","F",52.75,11.94,NA,NA,NA
"15","15-190","M",31.47,7.04,NA,NA,NA
"15","15-191","M",29.54,7.13,2.33333,2.33333,2.66667
"15","15-192","F",46.15,10.92,NA,NA,NA
"15","15-193","M",40.44,10.05,NA,NA,NA
"15","15-194","M",41.19,10.28,3.86667,3.86667,4.53333
"15","15-195","F",40.64,9.21,NA,NA,NA
"15","15-196","F",47.99,11.24,4.53333,4.53333,5.13333
"15","15-197","M",47.4,11.29,NA,NA,NA
"15","15-198","M",46.59,11.42,3.8,3.8,4.06667
"15","15-199","M",47.27,11.2,NA,NA,NA
"15","15-200","M",31.6,8.02,NA,NA,NA
"15","15-201","M",43.01,11.02,NA,NA,NA
"15","15-202","M",44.19,11.08,NA,NA,NA
"15","15-203","F",48.01,12.03,4.8,4.8,5.66667
"15","15-204","F",44.42,9.5,3.46667,3.46667,4.06667
"15","15-205","F",52.04,12.07,NA,NA,NA
"15","15-206","M",39.77,9.51,3.6,3.6,4.06667
"15","15-207","M",44.42,10.48,3.73333,3.73333,4.6
"15","15-208","F",37.19,9.33,3.8,3.8,4.66667
"15","15-209","M",40.85,9.39,NA,NA,NA
"15","15-210","M",39.05,8.79,3.4,3.4,3.86667
"15","15-211","F",45.52,11.08,3.33333,3.33333,4.4
"15","15-212","M",42.69,10.12,NA,NA,NA
"15","15-213","F",49.2,11,NA,NA,NA
"15","15-214","F",49.86,11.57,NA,NA,NA
"15","15-215","F",54.56,13.17,4.4,4.4,6
"15","15-216","F",40.77,9.78,NA,NA,NA
"15","15-217","M",40.03,9.36,NA,NA,NA
"15","15-218","F",47.29,10.62,NA,NA,NA
"15","15-219","F",52.56,11.36,NA,NA,NA
"15","15-220","M",41.61,9.8,NA,NA,NA
"15","15-221","M",39.76,9.02,NA,NA,NA
"15","15-222","M",49.49,11.37,NA,NA,NA
"15","15-223","M",44.36,10.77,NA,NA,NA
"15","15-224","M",40.86,9.55,NA,NA,NA
"15","15-225","F",48.13,11.1,NA,NA,NA
"15","15-226","F",48.7,11.46,NA,NA,NA
"15","15-227","M",48.99,12.16,4.4,4.4,5.26667
"15","15-228","F",52.62,11.94,4.66667,4.66667,5.46667
"15","15-229","F",45.67,10.67,NA,NA,NA
"15","15-230","M",47.93,11.8,NA,NA,NA
"15","15-231","M",52.06,12.12,NA,NA,NA
"15","15-232","F",45.11,10.97,NA,NA,NA
"15","15-233","F",47.32,10.5,NA,NA,NA
"15","15-234","F",50.23,11.72,NA,NA,NA
"15","15-235","M",46.67,11.26,NA,NA,NA
"15","15-236","F",41.97,9.59,NA,NA,NA
"15","15-237","M",34.02,7.85,NA,NA,NA
"15","15-238","F",44.5,10.32,NA,NA,NA
"15","15-239","F",43.25,10.21,NA,NA,NA
"15","15-240","F",47.62,10.89,NA,NA,NA
"15","15-241","F",42.54,10.51,3.46667,3.46667,4.2
"15","15-242","M",42.26,9.91,NA,NA,NA
"15","15-243","F",30.19,6.87,NA,NA,NA
"15","15-244","M",33.41,7.76,NA,NA,NA
"15","15-245","F",38.33,8.91,NA,NA,NA
"15","15-246","M",36.11,8.32,NA,NA,NA
"15","15-247","M",34.68,8.42,NA,NA,NA
"15","15-248","M",44.32,11.07,NA,NA,NA
"15","15-249","F",45.57,9.82,4,4,5
"15","15-250","F",48.8,10.8,NA,NA,NA
"15","15-251","F",37.53,8.28,NA,NA,NA
"15","15-252","M",44.44,10.85,4.53333,4.53333,5.13333
"15","15-253","M",50.75,12.52,3.86667,3.86667,4.86667
"15","15-254","M",47.15,11.67,NA,NA,NA
"15","15-255","M",43.69,10.69,NA,NA,NA
"15","15-256","F",56.05,12.62,NA,NA,NA
"15","15-257","F",44.78,10.68,NA,NA,NA
"15","15-258","F",42.71,11.01,3.4,3.4,4.4
"15","15-259","M",43.32,9.96,NA,NA,NA
"15","15-260","F",34.76,8.72,NA,NA,NA
"15","15-261","F",47.88,11.35,NA,NA,NA
"15","15-262","M",45.01,11.16,NA,NA,NA
"15","15-263","F",42.66,10.23,NA,NA,NA
"15","15-264","F",45.51,10.19,3.46667,3.46667,4.13333
"15","15-265","F",54.42,13.49,4.6,4.6,5.33333
"15","15-266","F",49.86,11.56,NA,NA,NA
"15","15-267","F",46.68,10.47,NA,NA,NA
"15","15-268","M",39.26,8.82,NA,NA,NA
"15","15-269","F",48.75,11.42,NA,NA,NA
"15","15-270","F",39.89,9.22,NA,NA,NA
"15","15-271","M",45.13,10.24,NA,NA,NA
"15","15-272","M",46.31,10.38,NA,NA,NA
"15","15-273","F",48.26,11.26,NA,NA,NA
"15","15-274","F",41.85,9.56,NA,NA,NA
"15","15-275","F",37.98,8.08,NA,NA,NA
"15","15-276","F",37.8,8.64,2.33333,2.33333,3.06667
"15","15-277","F",42.79,9.86,NA,NA,NA
"15","15-278","M",44.8,10.77,NA,NA,NA
"15","15-279","F",46.98,10.78,NA,NA,NA
"15","15-280","M",43.18,10.19,NA,NA,NA
"15","15-281","M",40.62,10.64,3.2,3.2,3.66667
"15","15-282","F",45.39,11.06,3.8,3.8,4.6
"15","15-283","M",47.32,11.28,NA,NA,NA
"15","15-284","M",42.29,10.25,NA,NA,NA
"15","15-285","F",46.11,10.74,3.8,3.8,4.6
"15","15-286","F",49.22,10.54,NA,NA,NA
"15","15-287","M",44.12,10.39,NA,NA,NA
"15","15-288","M",43.91,11.15,3.73333,3.73333,4.26667
"15","15-289","M",44.98,11.43,NA,NA,NA
"15","15-290","M",42.45,10.67,3.13333,3.13333,3.86667
"15","15-291","F",50.51,12.17,5.2,5.2,5.93333
"15","15-292","F",39.89,9.26,3.26667,3.26667,4.26667
"15","15-293","F",41.39,9.35,NA,NA,NA
"15","15-294","F",43.67,10.09,4.4,4.4,4.93333
"15","15-295","F",41.29,9.85,NA,NA,NA
"15","15-296","M",38.43,8.47,2.66667,2.66667,3.26667
"15","15-297","M",33.01,7.55,2.26667,2.26667,2.93333
"15","15-298","M",46.2,11.28,NA,NA,NA
"15","15-299","F",41.39,9.96,NA,NA,NA
"15","15-300","F",48.14,11.74,NA,NA,NA
"15","15-301","M",46.49,11.48,3.6,3.6,4.53333
"15","15-302","F",49.59,11.78,NA,NA,NA
"15","15-303","M",46.69,11.33,NA,NA,NA
"15","15-304","F",42.64,9.69,NA,NA,NA
"15","15-305","M",42.9,9.48,NA,NA,NA
"15","15-306","F",50.28,11.49,NA,NA,NA
"15","15-307","M",43.17,9.89,NA,NA,NA
"15","15-308","F",43.09,9.96,NA,NA,NA
"15","15-309","F",45.38,10.89,NA,NA,NA
"15","15-310","M",45.18,10.41,3.46667,3.46667,3.93333
"15","15-311","F",42.91,9.75,NA,NA,NA
"15","15-312","F",42.41,9.66,NA,NA,NA
"15","15-313","F",36.07,8.01,2.6,2.6,3.46667
"15","15-314","M",31.42,7.29,NA,NA,NA
"15","15-315","M",30.75,6.89,2.26667,2.26667,2.86667
"15","15-316","M",43.31,10.82,NA,NA,NA
"15","15-317","M",44.38,10.71,NA,NA,NA
"15","15-318","F",46.72,10.29,NA,NA,NA
"15","15-319","M",43.89,9.92,3,3,3.86667
"15","15-320","F",48.19,11.89,NA,NA,NA
"15","15-321","M",42.36,10,NA,NA,NA
"15","15-322","F",46.82,10.89,NA,NA,NA
"15","15-323","F",41.77,9.85,NA,NA,NA
"15","15-324","M",50.15,11.58,NA,NA,NA
"15","15-325","F",47.78,11.04,NA,NA,NA
"15","15-326","M",43.42,10.72,NA,NA,NA
"15","15-327","M",45.93,11.78,NA,NA,NA
"15","15-328","M",46.3,10.77,3.73333,3.73333,4.4
"15","15-329","M",43.32,11.15,NA,NA,NA
"15","15-330","F",41.11,9.32,NA,NA,NA
"15","15-331","M",54.14,12.55,NA,NA,NA
"15","15-332","M",41.61,9.59,2.8,2.8,3.33333
"15","15-333","M",49.26,10.78,NA,NA,NA
"15","15-334","F",42.75,9.58,NA,NA,NA
"15","15-335","F",46.32,10.12,NA,NA,NA
"15","15-336","F",51.97,11.87,NA,NA,NA
"15","15-337","F",47.26,11.16,NA,NA,NA
"15","15-338","F",44.05,10.44,NA,NA,NA
"15","15-339","F",48.47,11.01,NA,NA,NA
"15","15-340","M",41.7,9.84,NA,NA,NA
"15","15-341","M",45.95,10.39,NA,NA,NA
"15","15-342","M",38.36,8.87,NA,NA,NA
"15","15-343","F",41.85,9.49,NA,NA,NA
"15","15-344","M",43.53,10.32,NA,NA,NA
"15","15-345","F",50.12,11.97,4.2,4.2,5.13333
"15","15-346","M",44.6,10.47,NA,NA,NA
"15","15-347","F",45.76,10.79,NA,NA,NA
"15","15-348","M",42.28,9.45,NA,NA,NA
"15","15-350","F",41.31,9.74,NA,NA,NA
"15","15-351","F",42.79,9.87,3.93333,3.93333,4.46667
"15","15-352","M",37.17,8.77,NA,NA,NA
"15","15-353","M",42.34,10.78,4,4,4.4
"15","15-354","M",49.51,11.77,NA,NA,NA
"15","15-355","M",40.18,9.01,NA,NA,NA
"15","15-356","F",48,10.79,3.8,3.8,5
"15","15-357","F",43.86,9.39,3.13333,3.13333,4.13333
"15","15-358","M",42.1,9.85,NA,NA,NA
"15","15-359","M",41.66,9.78,NA,NA,NA
"15","15-360","M",43.03,10.31,NA,NA,NA
"15","15-361","M",34.01,8,NA,NA,NA
"15","15-362","M",39.15,9.44,NA,NA,NA
"15","15-363","F",38.84,8.55,2.53333,2.53333,3.66667
"15","15-364","F",42.71,10.42,3.13333,3.13333,4.2
"15","15-365","F",44.87,10.26,NA,NA,NA
"15","15-366","F",40.92,10.27,NA,NA,NA
"15","15-367","F",41.75,9.18,NA,NA,NA
"15","15-368","M",40,9.73,3.93333,3.93333,4.46667
"15","15-369","M",36.66,9.2,3.66667,3.66667,4.2
"15","15-370","M",34.9,7.33,NA,NA,NA
"15","15-371","M",33.65,7.47,NA,NA,NA
"15","15-372","M",32.85,7.8,2.4,2.4,3
"15","15-373","M",30.01,7.02,NA,NA,NA
"23","23-1","F",44.98,10.36,NA,0,3.86667
"23","23-2","F",43.42,9.56,2.73333,2.73333,4
"23","23-3","M",49.74,12.26,3.8,3.8,4.66667
"23","23-4","M",48.72,12.32,3.4,3.4,4.4
"23","23-5","M",48.06,11.84,3.46667,3.46667,4.26667
"23","23-6","F",45.7,10.42,3.6,3.6,4.53333
"23","23-7","F",51.14,11.44,3.53333,3.53333,5.06667
"23","23-8","F",37.62,8.74,2.53333,2.53333,3.66667
"23","23-9","F",45.08,9.52,3.93333,3.93333,4.6
"23","23-10","M",45,11.06,NA,0,3.66667
"23","23-11","M",47.58,11.44,3.53333,3.53333,4.66667
"23","23-12","F",36.76,8.16,2.13333,2.13333,3.33333
"23","23-13","F",42.1,9.78,3.73333,3.73333,4.4
"23","23-14","M",43.36,9.96,2.13333,2.13333,3.53333
"23","23-15","F",44.98,10.66,2.4,2.4,3.8
"23","23-16","F",39.62,9.48,2.73333,2.73333,3.53333
"23","23-17","F",39.18,9.64,2.33333,2.33333,3.13333
"23","23-18","M",44.86,10.34,3.2,3.2,4.26667
"23","23-19","M",43.4,10.2,3.8,3.8,4.8
"23","23-20","F",44.02,11.08,3.8,3.8,4.2
"23","23-21","F",41.86,9.56,3.26667,3.26667,4.2
"23","23-22","M",40.64,9.84,2.53333,2.53333,3.66667
"23","23-23","M",43,10.32,3.2,3.2,3.8
"23","23-24","M",42.04,9.78,2.26667,2.26667,3.66667
"23","23-25","M",37.12,8.68,NA,0,3.26667
"23","23-26","M",39.18,9.3,2.73333,2.73333,3.93333
"23","23-27","F",40.6,9.52,3.13333,3.13333,4.13333
"23","23-28","M",39.52,9.38,2.53333,2.53333,3.86667
"23","23-29","M",40.72,9.38,3.2,3.2,3.66667
"23","23-30","F",37.48,8.08,1.86667,1.86667,3.4
"23","23-31","F",35.66,8.76,2.46667,2.46667,3.06667
"23","23-32","M",29.06,6.14,1.86667,1.86667,2.46667
"23","23-33","M",29.38,6.9,1.93333,1.93333,2.73333
"23","23-34","M",25.58,6.08,1.46667,1.46667,2.06667
"23","23-35","F",44.78,10.56,3.2,3.2,4.53333
"23","23-36","F",37.44,8.62,2.73333,2.73333,3.46667
"23","23-37","M",45.04,9.94,2.8,2.8,3.93333
"23","23-38","M",44.12,10.18,2.93333,2.93333,4.06667
"23","23-39","M",40.22,9.42,4.13333,4.13333,4.66667
"23","23-40","M",37.18,8.72,3.06667,3.06667,4.06667
"23","23-41","F",42.22,9.98,3.53333,3.53333,4.33333
"23","23-42","M",49.34,11.78,3.93333,3.93333,4.33333
"23","23-43","M",45.24,11,2.86667,2.86667,3.8
"23","23-44","M",44.06,10.32,3.33333,3.33333,4.53333
"23","23-45","M",40.8,9.58,3.06667,3.06667,4.13333
"23","23-46","F",42.3,9.68,2.86667,2.86667,4.26667
"23","23-47","M",44.42,10.06,3.4,3.4,4.06667
"23","23-48","F",46.78,10.46,3.33333,3.33333,4.2
"23","23-49","M",48.24,10.98,3.46667,3.46667,4.33333
"23","23-50","M",40.94,8.96,2.46667,2.46667,3.4
"23","23-51","M",40.48,8.66,2.86667,2.86667,3.53333
"23","23-52","F",39.08,8.82,2.53333,2.53333,3.46667
"23","23-53","M",37.6,8.72,3,3,3.73333
"23","23-54","M",40.6,9.48,2.73333,2.73333,3.2
"23","23-55","M",38.48,8.86,NA,0,4.06667
"23","23-56","M",34,7.5,2.53333,2.53333,3.4
"23","23-57","M",29.06,6.54,1.46667,1.46667,2.33333
"23","23-58","M",47.5,10.78,3.6,3.6,4.33333
"23","23-59","F",44.22,10.4,2.73333,2.73333,3.6
"23","23-60","F",45.82,10.36,NA,0,4.73333
"23","23-61","M",44.02,10.2,2.8,2.8,3.66667
"23","23-62","M",45.02,10.82,2.86667,2.86667,4
"23","23-63","M",47.68,10.88,4.33333,4.33333,5.53333
"23","23-64","M",43.3,10.74,3,3,4.06667
"23","23-65","M",41.28,9.56,2.4,2.4,3.26667
"23","23-66","M",46.68,11.04,3.13333,3.13333,3.8
"23","23-67","F",45.98,10.42,2.93333,2.93333,4.33333
"23","23-68","M",47.18,10.74,3.13333,3.13333,4.06667
"23","23-69","M",48.06,11.54,3.13333,3.13333,4.13333
"23","23-70","F",48.16,11.92,3.26667,3.26667,4.2
"23","23-71","M",44.96,10.1,2.6,2.6,3.6
"23","23-72","F",47.04,10.56,3.06667,3.06667,4.06667
"23","23-73","M",47.58,10.96,2.93333,2.93333,4.2
"23","23-74","F",46.96,10.26,3.26667,3.26667,4.8
"23","23-75","F",43.9,9.86,2.26667,2.26667,3.86667
"23","23-76","F",43.36,9.54,3.33333,3.33333,4.4
"23","23-77","M",44.44,10.78,2.6,2.6,3.53333
"23","23-78","F",44.96,9.98,2.86667,2.86667,4.06667
"23","23-79","F",40.96,9.96,2.6,2.6,3.4
"23","23-80","F",42.16,9.56,2.86667,2.86667,3.93333
"23","23-81","F",54.44,12.44,4.13333,4.13333,5.2
"23","23-82","M",45.52,11.32,2.73333,2.73333,3.8
"23","23-83","F",42.98,10,3.13333,3.13333,4.13333
"23","23-84","M",45.94,10.2,3.86667,3.86667,4.6
"23","23-85","F",42.26,9.68,3,3,4.13333
"23","23-86","F",47.94,10.94,4.2,4.2,5.06667
"23","23-87","F",43.88,9.98,3.86667,3.86667,4.93333
"23","23-88","M",42.32,9.98,2.93333,2.93333,3.73333
"23","23-89","F",39.36,8.4,2.4,2.4,3.46667
"23","23-90","M",48.58,11.38,4.46667,4.46667,5
"23","23-91","M",48.66,11.14,3.13333,3.13333,4.2
"23","23-92","M",45.94,11.6,2.6,2.6,3.8
"23","23-93","F",51.22,11.48,3.93333,3.93333,4.6
"23","23-94","F",49.38,11.04,3.2,3.2,4.13333
"23","23-95","F",46.36,11.32,3.26667,3.26667,4.46667
"23","23-96","M",41.04,9.62,2.93333,2.93333,3.93333
"23","23-97","F",42.94,10.24,2.86667,2.86667,3.66667
"23","23-98","M",51.2,11.18,4.13333,4.13333,5.06667
"23","23-99","M",45.58,10.84,1.86667,1.86667,NA
"23","23-100","F",44.86,10.38,3.4,3.4,4.06667
"23","23-101","F",44.18,10.44,3.2,3.2,4.2
"23","23-102","F",41.98,10.08,3.46667,3.46667,4.26667
"23","23-103","M",44.24,10.46,2.8,2.8,3.73333
"23","23-104","M",43.28,10.3,2.86667,2.86667,3.86667
"23","23-105","M",40.18,9.16,3,3,3.73333
"23","23-106","F",42.3,9.96,3.53333,3.53333,4.53333
"23","23-107","F",47.88,10.88,3.4,3.4,4.33333
"23","23-108","M",45.26,10.8,2.93333,2.93333,3.66667
"23","23-109","M",43.14,9.72,3.86667,3.86667,4.53333
"23","23-110","F",44.16,9.74,3.13333,3.13333,4
"23","23-111","M",48.08,11.78,3.53333,3.53333,4.53333
"23","23-112","F",40.38,9.4,2.13333,2.13333,3.53333
"23","23-113","M",43.94,9.74,3.86667,3.86667,3.93333
"23","23-114","M",43.02,9.52,3.53333,3.53333,4.53333
"23","23-115","M",42.8,10.06,3.26667,3.26667,3.6
"23","23-116","M",42.1,10.54,2.73333,2.73333,3.46667
"23","23-117","M",43.06,9.64,2.53333,2.53333,3.8
"23","23-118","F",43.42,9.98,4.33333,4.33333,4.93333
"23","23-119","F",47.32,10.72,3,3,3.66667
"23","23-120","M",45.88,10.44,3.2,3.2,4.33333
"23","23-121","F",49.42,11.66,4.8,4.8,5.8
"23","23-122","M",41.92,10.1,3.2,3.2,4.26667
"23","23-123","F",44.38,9.76,3.6,3.6,4.46667
"23","23-124","F",43.86,10.46,3.6,3.6,4.73333
"23","23-125","F",44.16,10.82,3.8,3.8,5
"23","23-126","M",45.3,10.92,3.8,3.8,4.53333
"23","23-127","M",45.04,11.28,3.73333,3.73333,4.86667
"23","23-128","M",43.44,9.76,2.6,2.6,4.13333
"23","23-129","M",41.12,9.34,2.4,2.4,3.53333
"23","23-130","F",43.98,10.44,3.4,3.4,4.53333
"23","23-131","F",46.86,10.7,4.13333,4.13333,5.4
"23","23-132","M",30.74,7.14,1.86667,1.86667,2.86667
"23","23-133","F",43.5,9.9,3.06667,3.06667,4
"23","23-134","F",41.24,8.96,3.6,3.6,4.73333
"23","23-135","M",42.3,9.98,3.6,3.6,4.26667
"23","23-136","F",41.4,9.22,3.2,3.2,4.2
"23","23-137","F",46.54,10.4,3,3,4.33333
"23","23-138","M",42.5,10.54,2.26667,2.26667,3.26667
"23","23-139","F",50.1,11.02,3.53333,3.53333,4.26667
"23","23-140",NA,42.2,9.72,2.73333,2.73333,3.53333
"23","23-141","F",43.22,9.92,3.26667,3.26667,4
"23","23-142","F",40.28,9.06,2.46667,2.46667,3.93333
"23","23-143","M",42.22,10.5,3.13333,3.13333,4.26667
"23","23-144","M",38.42,8.52,2.8,2.8,3.93333
"23","23-145","M",39.48,9.26,3.33333,3.33333,4.2
"23","23-146","M",40.88,10.34,2.66667,2.66667,3.73333
"23","23-147","M",39.88,9.38,2.8,2.8,3.73333
"23","23-148","F",40.2,8.94,2.8,2.8,4
"23","23-149","M",41.18,8.5,2.4,2.4,3.13333
"23","23-150","F",39.98,9.28,3.4,3.4,4.33333
"23","23-151","M",37.46,8.44,2.46667,2.46667,NA
"23","23-152","F",38.96,8.54,2.93333,2.93333,3.93333
"23","23-153","F",37.26,8.84,3.13333,3.13333,3.66667
"23","23-154","F",48,11.08,3.13333,3.13333,4.33333
"23","23-155","F",47.32,11.48,3.2,3.2,3.73333
"23","23-156","F",49.28,11.18,2.86667,2.86667,4.2
"23","23-157","F",42.1,8.82,3.13333,3.13333,4
"23","23-158","M",48.8,11.74,3.86667,3.86667,5.2
"23","23-159","M",32.82,8.02,1.6,1.6,3.06667
"23","23-160","M",48.78,11.62,3.06667,3.06667,4.26667
"23","23-161","F",47.7,11.04,3.73333,3.73333,4.53333
"23","23-162","F",43.7,9.76,4,4,4.93333
"23","23-163","F",45,10.74,3.26667,3.26667,4.26667
"23","23-164","F",43.14,8.86,2.53333,2.53333,3.73333
"23","23-165","F",50.24,11.48,3.53333,3.53333,4.93333
"23","23-166","F",49.72,11.18,3.6,3.6,4.86667
"23","23-167","F",41.66,9.92,2.66667,2.66667,3.4
"23","23-168","M",40.42,9.24,2.46667,2.46667,3.6
"23","23-169","F",39.98,8.72,2.33333,2.33333,3.13333
"23","23-170","F",34.92,8.22,2.2,2.2,3.26667
"23","23-171","F",32.94,7.62,2.2,2.2,3.06667
"23","23-172","M",52.64,12.26,3.2,3.2,4.4
"23","23-173","M",37.62,8.7,3.53333,3.53333,4.13333
"23","23-174","F",45.3,10.74,4.13333,4.13333,4.86667
"23","23-175","F",45.12,9.66,3.13333,3.13333,3.93333
"23","23-176","F",48.06,11.7,3.4,3.4,4.4
"23","23-177","M",44.64,10.88,3.06667,3.06667,3.8
"23","23-178","M",41.78,10.78,3.66667,3.66667,5.13333
"23","23-179","M",42.9,10.24,3.06667,3.06667,4
"23","23-180","M",44.24,10.46,3.8,3.8,4.26667
"23","23-181","F",50.16,11.1,3.06667,3.06667,4.26667
"23","23-182","M",41.08,10.18,NA,0,3.4
"23","23-183","F",47.36,9.94,3.4,3.4,4
"23","23-184","M",48.38,11.74,3.13333,3.13333,4.53333
"23","23-185","F",42.38,10.08,2.86667,2.86667,3.53333
"23","23-186","F",43.68,10,3.13333,3.13333,4.46667
"23","23-187","M",45.24,10.44,2.8,2.8,4.2
"23","23-188","F",47.52,10.3,3.26667,3.26667,4.26667
"23","23-189","M",35.72,8.12,2.8,2.8,3.73333
"23","23-190","M",38.88,9.2,2.93333,2.93333,3.66667
"23","23-191","F",38.78,8.7,2.73333,2.73333,3.6
"23","23-192","F",40.66,9.96,2.6,2.6,3.6
"23","23-193","M",40.88,9.28,2.93333,2.93333,3.73333
"23","23-194","F",41.2,9.14,2.66667,2.66667,3.8
"23","23-195","M",39.66,9.2,3.8,3.8,4.46667
"23","23-196","F",42.16,10.06,2.73333,2.73333,3.46667
"23","23-197","F",36.5,8.16,2.06667,2.06667,3.13333
"23","23-198","F",36.98,8.5,2.73333,2.73333,3.53333
"23","23-199","M",37.9,8.84,2.2,2.2,3.06667
"23","23-200","M",35.42,8.32,3.06667,3.06667,4
"23","23-201",NA,29.7,6.96,2.13333,2.13333,3
"23","23-202","F",35.34,7.54,3.46667,3.46667,4.26667
"23","23-203","M",36.24,8.18,2.86667,2.86667,3.8
"23","23-204","M",36.02,8.42,3.46667,3.46667,4
"23","23-205","M",31.12,7.14,NA,0,2.93333
"23","23-206","F",50.18,11.84,4.33333,4.33333,5.46667
"23","23-207","M",50.22,11.3,4.06667,4.06667,4.8
"23","23-208","F",51.22,11.88,3.86667,3.86667,5.13333
"23","23-209","F",49.7,10.84,4.13333,4.13333,5.06667
"23","23-210","F",45.28,9.94,3.26667,3.26667,4
"23","23-211","F",46.62,10.74,3.66667,3.66667,4.6
"23","23-212","M",47.5,10.92,2.66667,2.66667,3.73333
"23","23-213","F",45.5,10.28,4,4,4.6
"23","23-214","F",45.9,10.54,3.8,3.8,4.6
"23","23-215","F",46.34,10.38,4.6,4.6,5.26667
"23","23-216","M",47.6,11.74,2.8,2.8,3.4
"23","23-217","F",49.78,11.08,NA,0,4.6
"23","23-218","F",42.94,10.36,3.2,3.2,3.93333
"23","23-219","F",44.5,9.8,2.93333,2.93333,3.66667
"23","23-220","F",57.06,11.98,5.53333,5.53333,6.66667
"23","23-221","M",43.22,10.08,3.6,3.6,3.73333
"23","23-222","F",44.7,10.88,3.86667,3.86667,4.6
"23","23-223","M",46.62,10.74,3.06667,3.06667,4
"23","23-224","M",41.08,9.4,2.73333,2.73333,3.6
"23","23-225","F",40.72,9.24,3.13333,3.13333,3.86667
"23","23-226","F",42.72,9.78,3.73333,3.73333,4.2
"23","23-227","F",42.64,9.22,3.33333,3.33333,4
"23","23-228","F",48.04,11.52,3.4,3.4,4.4
"23","23-229","F",47.9,10.48,3.4,3.4,4.13333
"23","23-230","M",44.04,10.6,3.4,3.4,4.2
"23","23-231","M",49.62,11.88,3.66667,3.66667,4.46667
"23","23-232","F",40.32,9.24,3.73333,3.73333,4.2
"23","23-233","M",43.94,10.1,3,3,3.53333
"23","23-234","M",43.58,10.42,3.13333,3.13333,3.8
"23","23-235","M",43.06,9.92,3.4,3.4,4.2
"23","23-236","M",42.2,10.2,2.86667,2.86667,3.53333
"23","23-237","M",35.74,8.42,2.66667,2.66667,3.46667
"23","23-238","M",39.98,9.84,3.6,3.6,4.53333
"23","23-239","F",46.32,10.08,3.26667,3.26667,4
"23","23-240","M",45.88,10.34,3.06667,3.06667,4.13333
"23","23-241","M",43.02,10.34,4.13333,4.13333,4.66667
"23","23-242","F",41.12,9.48,2.86667,2.86667,4.2
"23","23-243","F",40.1,8.68,3.4,3.4,4.13333
"23","23-244","F",38.74,8.84,2.8,2.8,3.46667
"23","23-245","M",42.72,10.06,2.2,2.2,3.53333
"23","23-246","F",29.6,6.56,2.4,2.4,2.86667
"23","23-247","M",45.72,10.2,3.2,3.2,4.26667
"23","23-248","M",41.34,9.6,2.06667,2.06667,3.33333
"23","23-249","F",53.54,11.3,3.8,3.8,4.8
"23","23-250","F",50.48,11.62,4.46667,4.46667,5.53333
"23","23-251","F",47.32,10.46,NA,0,5.06667
"23","23-252","F",44.98,10.56,3.33333,3.33333,4.13333
"23","23-253","M",39.18,8.72,2.53333,2.53333,3.46667
"23","23-254","F",47.96,10.42,4.33333,4.33333,5.66667
"23","23-255","F",50.54,10.84,3.33333,3.33333,4.53333
"23","23-256","M",44.94,11.04,3.66667,3.66667,4.53333
"23","23-257","M",45.04,10.48,3.2,3.2,4.53333
"23","23-258","F",52.24,12.16,3.46667,3.46667,4.93333
"23","23-259","F",46.68,10.64,3.86667,3.86667,5.06667
"23","23-260","F",45.92,10.46,3.33333,3.33333,4.2
"23","23-261","F",45.3,10.48,2.53333,2.53333,4.06667
"23","23-262","M",41.38,9.66,3.53333,3.53333,4.26667
"23","23-263","M",46.02,11.1,3.2,3.2,4
"23","23-264","F",47.7,10.9,4.8,4.8,5.73333
"23","23-265","F",49.22,11.48,4.26667,4.26667,5.33333
"23","23-266","M",45.56,10.3,3.53333,3.53333,4.13333
"23","23-267","F",45.28,10.06,3.6,3.6,4.33333
"23","23-268","F",37.08,8.42,2.66667,2.66667,3.6
"23","23-269","M",43.18,10.42,2.6,2.6,2.93333
"23","23-270","M",43.68,10.46,3.86667,3.86667,4.86667
"23","23-271","M",42.88,9.62,2.73333,2.73333,3.53333
"23","23-272","M",41.12,9.82,2.73333,2.73333,3.73333
"23","23-273","M",44.6,10.22,3.13333,3.13333,4.13333
"23","23-274","F",41.92,9.94,3.2,3.2,4.13333
"23","23-275","F",42.06,10.14,3.33333,3.33333,4.53333
"23","23-276","M",48.22,11.22,3.93333,3.93333,4.53333
"23","23-277","M",47.62,10.98,4.13333,4.13333,5.06667
"23","23-278","F",36.44,8.22,3.06667,3.06667,3.93333
"23","23-279","M",41.78,9.72,3.13333,3.13333,3.66667
"23","23-280","M",38.84,9.12,2.53333,2.53333,NA
"23","23-281","M",40.08,9.42,3.4,3.4,4.26667
"23","23-282","F",41.54,9.4,3.13333,3.13333,3.86667
"23","23-283","F",39.72,8.76,2.6,2.6,3.73333
"23","23-284","F",42.32,9.76,3.06667,3.06667,4.13333
"23","23-285","M",40.18,9.08,2.73333,2.73333,3.46667
"23","23-286","F",42.66,9.6,2.86667,2.86667,3.73333
"23","23-287","M",38.76,8.52,NA,0,3.33333
"23","23-288","M",32.52,7.7,2.53333,2.53333,3.13333
"23","23-289","F",39.64,9.18,2.2,2.2,4
"23","23-290","M",38.34,9.02,2.73333,2.73333,3.8
"23","23-291","M",32.84,7.92,2.13333,2.13333,3
"23","23-292","M",41.7,9.66,3.06667,3.06667,3.73333
"23","23-293","F",40.96,9.16,2.53333,2.53333,3.86667
"23","23-294","M",36.96,8.58,2.93333,2.93333,3.73333
"23","23-295","M",38.8,9.16,2.46667,2.46667,3.46667
"23","23-296","F",40.58,8.9,2.93333,2.93333,3.86667
"23","23-297","M",37.54,8.7,2.86667,2.86667,3.33333
"23","23-298","M",40.26,9.18,NA,0,3.6
"23","23-299","M",37.24,8.84,2.46667,2.46667,3.2
"23","23-300","M",38.44,8.78,3.2,3.2,3.8
"23","23-301","F",38.54,8.52,3.13333,3.13333,3.8
"23","23-302","M",38.68,9.3,2.86667,2.86667,3.73333
"23","23-303","M",33.18,7.14,2.86667,2.86667,3.2
"23","23-304","M",38.26,8.74,2.46667,2.46667,3.26667
"23","23-305","M",39.78,9.06,2.8,2.8,3.86667
"23","23-306","M",39.96,8.44,2.4,2.4,3.13333
"23","23-307","M",41.34,9.74,2.73333,2.73333,3.66667
"23","23-308","F",34.52,7.74,2.06667,2.06667,2.86667
"23","23-309","M",35.4,8.02,2.93333,2.93333,3.73333
"23","23-310","F",35.7,7.94,2.53333,2.53333,3.06667
"23","23-311","M",37.34,7.96,1.73333,1.73333,3.33333
"23","23-312","M",36.58,8.72,2.66667,2.66667,3.4
"23","23-313","M",36.8,8.74,2.4,2.4,3.4
"23","23-314","M",33.46,7.56,2.6,2.6,3.2
